labels,text_id,content,content_translation
0,1523407,@ChessZimbabwe @MinervaRiskZim @FIDE_chess @AfricanChessCon @ZimbabweSrc @Moyo_Sahayi All the best my ğŸ‡¿ğŸ‡¼ğŸ‡¿ğŸ‡¼ friends ğŸ”¥ğŸ”¥ğŸ”¥,@ChessZimbabwe @MinervaRiskZim @FIDE_chess @AfricanChessCon @ZimbabweSrc @Moyo_Sahayi All the best my ğŸ‡¿ğŸ‡¼ğŸ‡¿ğŸ‡¼ friends ğŸ”¥ğŸ”¥ğŸ”¥
0,1334974,@bluepandashorts @p_jota @FIDE_chess This? https://t.co/SNvis01Anf,@bluepandashorts @p_jota @FIDE_chess This? https://t.co/SNvis01Anf
0,1353472,"@SeuratDeman @FIDE_chess Agree, very rude.","@SeuratDeman @FIDE_chess Agree, very rude."
0,1416314,@PHChess @okayishchess @FIDE_chess Ethnically he is though? But I agree donâ€™t retweet Russian state media. But he is Russian.,@PHChess @okayishchess @FIDE_chess Ethnically he is though? But I agree donâ€™t retweet Russian state media. But he is Russian.
0,1478147,"[ARTICLE] Eric PriÃ©, joueur controversÃ© du monde Ã©chiquÃ©en. Son histoire disponible dÃ¨s maintenant sur notre site !  

â–¶ï¸https://t.co/b9EBPR7RI9

@FIDE_chess @ffechecs
#chess","[ARTICLE] Eric PriÃ©, controversial player in the chess world. His story is available now on our site! 

â–¶ï¸ https://t.co/b9EBPR7RI9

@FIDE_chess @ffechecs
#chess"
0,1511075,@ChessbaseIndia @FIDE_chess @tech_mahindra @GCLlive @ReheSamay @ChessbaseIndia at least you guys give us hope by not shelving CSL(asking for an updateğŸ˜…ğŸ˜…).,@ChessbaseIndia @FIDE_chess @tech_mahindra @GCLlive @ReheSamay @ChessbaseIndia at least you guys give us hope by not shelving CSL(asking for an updateğŸ˜…ğŸ˜…).
0,1491747,@SusanPolgar @FIDE_chess @ECUonline @WOMChess @chesscom @lichess @chessdom @EuropeEchecs @OnTheQueenside Polgar sisters' tale is amazing saga. This a rare photo of  the start of the journey.,@SusanPolgar @FIDE_chess @ECUonline @WOMChess @chesscom @lichess @chessdom @EuropeEchecs @OnTheQueenside Polgar sisters' tale is amazing saga. This a rare photo of  the start of the journey.
0,1321673,@PHChess @FIDE_chess Anish explained it in yesterdays stream. Sounded like a very sensible move.,@PHChess @FIDE_chess Anish explained it in yesterdays stream. Sounded like a very sensible move.
0,1402895,"When people in Kazakhstan speak out against the sponsor of the @FIDE_chess World Championship, the chess-world should as a minimum read their arguments: 

Chess journalists, have a look: 

https://t.co/ZzNuSYa5G4

https://t.co/xiJeTARgKa https://t.co/GsLm5gZjEl","When people in Kazakhstan speak out against the sponsor of the @FIDE_chess World Championship, the chess-world should as a minimum read their arguments: 

Chess journalists, have a look: 

https://t.co/ZzNuSYa5G4

https://t.co/xiJeTARgKa https://t.co/GsLm5gZjEl"
0,1489413,"@MykhailoGranik @PHChess @davidllada @FIDE_chess If Ukrainians are not racist then why the hell the defence ministry handle shows godess Kali in a derogatory manner. Nazis used to do the same disrespecting others religious paths, pretending they are the pioneer of everything good and graceful in earth.","@MykhailoGranik @PHChess @davidllada @FIDE_chess If Ukrainians are not racist then why the hell the defence ministry handle shows godess Kali in a derogatory manner. Nazis used to do the same disrespecting others religious paths, pretending they are the pioneer of everything good and graceful in earth."
1,1375201,"Three games in a row ended in a draw. Is it the calm before the storm? ğŸ¤”
#NepoDing https://t.co/d2eus07QAQ","Three games in a row ended in a draw. Is it the calm before the storm? ğŸ¤”
#NepoDing https://t.co/d2eus07QAQ"
1,1426568,"Il sont en place pour la derniÃ¨re partie !
Suivez le DIRECT ğŸ‘‰ https://t.co/ItjWwP7JUs

#NepoDing https://t.co/fkzPM4BDPj","They are in place for the final part!
Follow the LIVE ğŸ‘‰ https://t.co/ItjWwP7JUs

#NepoDing https://t.co/fkzPM4BDPj"
1,1423814,The Think 2023 #NepoDing https://t.co/KzmmC2nehv,The Think 2023 #NepoDing https://t.co/KzmmC2nehv
1,1355635,Based on my last two blitz games I think everyone is currently tilted by #NepoDing https://t.co/RhD2DFxoVW,Based on my last two blitz games I think everyone is currently tilted by #NepoDing https://t.co/RhD2DFxoVW
1,1409811,"A sharp game with chances for both sides, but we come to a draw. The score in #NepoDing after 13 games is equal.

https://t.co/Cua9yG4H2s","A sharp game with chances for both sides, but we come to a draw. The score in #NepoDing after 13 games is equal.

https://t.co/Cua9yG4H2s"
1,1382820,"TOLONGLAAAAAAA
But fr this FIDE recaps has been a blast lol
#NepoDing https://t.co/ZIMgYmyaOV","TOLONGLAAAAAAA
But fr this FIDE recaps has been a blast lol
#NepoDing https://t.co/ZIMgYmyaOV"
1,1434925,"Tie-break game 4: recap. The agony and the ecstasy.
#WorldChessChampionship #NepoDing

https://t.co/cmunbo2vnm","Tie-break game 4: recap. The agony and the ecstasy.
#WorldChessChampionship #NepoDing

https://t.co/cmunbo2vnm"
1,1338119,"@DanielKingChess Reviews the fantastic game 7 of the #WorldChessChampionship 2023 #NepoDing 
https://t.co/bQIeDZYpnf","@DanielKingChess Reviews the fantastic game 7 of the #WorldChessChampionship 2023 #NepoDing 
https://t.co/bQIeDZYpnf"
1,1332298,"Here we go! ğŸ†ğŸ‡ğŸ†ğŸ‡ğŸ†ğŸ‡
#NepoDing https://t.co/5MDsYXbZeG","Here we go! ğŸ†ğŸ‡ğŸ†ğŸ‡ğŸ†ğŸ‡
#NepoDing https://t.co/5MDsYXbZeG"
1,1364744,"1.e4 e5 - Game 9 has begun! #NepoDing

â™Ÿï¸ Watch the broadcast with GMs Daniil Dubov and Irina Krush and follow the game:Â https://t.co/i3R4PoWYss https://t.co/OipRJQVFc5 https://t.co/MDcnCupz6U","1.e4 e5 - Game 9 has begun! #NepoDing

â™Ÿï¸ Watch the broadcast with GMs Daniil Dubov and Irina Krush and follow the game:Â https://t.co/i3R4PoWYss https://t.co/OipRJQVFc5 https://t.co/MDcnCupz6U"
2,1356538,"Ding is doing it AGAIN ğŸ”¥

He immediately responds to Nepo's Bxe4 blunder and is now winning after 24.Rd2! #NepoDing https://t.co/JqCiBjSaNf","Ding is doing it AGAIN ğŸ”¥

He immediately responds to Nepo's Bxe4 blunder and is now winning after 24.Rd2! #NepoDing https://t.co/JqCiBjSaNf"
2,1383917,"Campionato del Mondo Partita 11

Nepo vs Ding | Ruy Lopez

Guarda: ""Nepo Rischia di Buttare Via Tutto!"" https://t.co/LjMe0yn8X7

Photos by:
@LennartOotes

#Scacchi #Chess #WorldChessChampionship https://t.co/txNZnppSv5","World Championship Game 11

Nepo vs Ding | Ruy Lopez

Watch: â€œNepo Risks Throwing Everything Away!â€ https://t.co/LjMe0yn8X7

Photos by:
@LennartOotes

#Scacchi #Chess #WorldChessChampionship https://t.co/txNZnppSv5"
2,1436555,"Such a brutal game, Nepo reaction is heart wrenching
#WorldChessChampionship https://t.co/miUNUq4xAX","Such a brutal game, Nepo reaction is heart wrenching
#WorldChessChampionship https://t.co/miUNUq4xAX"
2,1359890,@FIDE_chess How will your organisation deal with the impending Nepo victory? #NepoDing https://t.co/a4oUM67v17,@FIDE_chess How will your organisation deal with the impending Nepo victory? #NepoDing https://t.co/a4oUM67v17
2,1317905,"Neop vs Ding is really fun, both going for the kill and active positions.
Today will be interesting - Nepo with White for a comeback after a loss in last game by masterpiece from Ding. expecting again the Ruy-Lopez opening!! 
#NepoDing 
#WorldChessChampionship 
#Chess","Neop vs Ding is really fun, both going for the kill and active positions.
Today will be interesting - Nepo with White for a comeback after a loss in last game by masterpiece from Ding. expecting again the Ruy-Lopez opening!! 
#NepoDing 
#WorldChessChampionship 
#Chess"
2,1396001,"That was a horrible day at the office for Nepo.

I hope he can recover and give his all in the last two games. #NepoDing https://t.co/cNeukfhDIU","That was a horrible day at the office for Nepo.

I hope he can recover and give his all in the last two games. #NepoDing https://t.co/cNeukfhDIU"
2,1364767,"La 9eme partie va dÃ©butÃ©, Nepo avec les piÃ¨ces blanches va-t-il faire le break ?
Suivez le DIRECT ğŸ‘‰ https://t.co/ItjWwP7JUs

#NepoDing https://t.co/qI6ES5hPVM","Game 9 is about to start, will Nepo make the break with the white pieces?
Follow the LIVE ğŸ‘‰ https://t.co/ItjWwP7JUs

#NepoDing https://t.co/qI6ES5hPVM"
2,1377057,"can Nepo go 25...f5? It reduces the number of pawns, but the Black king is very safe behind the Be6 and the pawn on f7, so I am loath to disturb that @FIDE_chess #nepoding","can Nepo go 25...f5? It reduces the number of pawns, but the Black king is very safe behind the Be6 and the pawn on f7, so I am loath to disturb that @FIDE_chess #nepoding"
2,1398396,"@Kasparov63 disait vrai ""il n'y a pas de sport plus violent que les Ã©checs""
Des images trÃ¨s durs qui reflÃ¨tent bien le choc, la dÃ©tresse et les remords de Nepo aprÃ¨s le malheureux 39...f5?? C'est rare de voir de tels rÃ©actions devant les camÃ©ras. Va-t-il s'en remettre 
#NepoDing https://t.co/9SVpjGZIeh https://t.co/HpvvWLvtrA","@Kasparov63 was right â€œthere is no sport more violent than chessâ€
Very hard images that well reflect Nepo's shock, distress and remorse after the unfortunate 39... f5?? It's rare to see reactions like that in front of the cameras. Is he going to recover 
#NepoDing https://t.co/9SVpjGZIeh https://t.co/HpvvWLvtrA"
2,1400841,"Nepo... oh nepo, o que foi que eu fiz ? olhe sÃ³ para vocÃª nem estÃ¡ consciente e continua se empenhando em mostrar ao mundo o que pode fazer... Ele estÃ¡ nocauteado e tudo o, que o mantÃ©m de pÃ© Ã© o poder de sua vontade, VocÃª jÃ¡ provou VocÃª Ã© um grande enxadrista!
#FIDE 
#NepoDing https://t.co/zrjJkV2Uz2","Nepo... oh nepo, what did I do? Look at yourself you're not even aware and you're still striving to show the world what you can do... He's knocked out and everything that keeps him standing is the power of his will. You've already proven you're a great chess player!
#FIDE 
#NepoDing https://t.co/zrjJkV2Uz2"
3,1425562,"Hesitation from Ding Liren, who picked up his knight to move it to c5, but then put it back. It's touch-move, so he must move the knight, but he has the option of putting it on a5 instead 

#NepoDing https://t.co/Jo6YPztJem","Hesitation from Ding Liren, who picked up his knight to move it to c5, but then put it back. It's touch-move, so he must move the knight, but he has the option of putting it on a5 instead 

#NepoDing https://t.co/Jo6YPztJem"
3,1425346,"Ding Liren is making his life very difficult, but he found the critical 33.Bd3! idea

#NepoDing https://t.co/oay3rTwj9n","Ding Liren is making his life very difficult, but he found the critical 33.Bd3! idea

#NepoDing https://t.co/oay3rTwj9n"
3,1354487,"Ding's strongest opponent is DGT 3000. #NepoDing #WCC2023 
Ding's stÃ¤rkster Gegner ist DGT 3000.
#Schachwm #Schach","Ding's strongest opponent is DGT 3000. #NepoDing #WCC2023 
Ding's strongest opponent is DGT 3000.
#Schachwm #Schach"
3,1377153,"15...g5!? is offering Ding Liren the chance to play this endgame

#NepoDing https://t.co/3h2SOI5qVC","15...g5!? is offering Ding Liren the chance to play this endgame

#NepoDing https://t.co/3h2SOI5qVC"
3,1422648,"Ding Liren: ""I need to take a rest now and try to find some motivation for tomorrow's rapid part of the tiebreak."" #NepoDing

ğŸ“·: David Llada https://t.co/Yb1mZD4idU","Ding Liren: ""I need to take a rest now and try to find some motivation for tomorrow's rapid part of the tiebreak."" #NepoDing

ğŸ“·: David Llada https://t.co/Yb1mZD4idU"
3,1401872,"An absolutely insane exchange of very quickly played mutual blunders, and suddenly 29.Bxg6! is winning for Ding Liren!

https://t.co/9UJT5KtOWh

#NepoDing https://t.co/hxSeatPqCJ","An absolutely insane exchange of very quickly played mutual blunders, and suddenly 29.Bxg6! is winning for Ding Liren!

https://t.co/9UJT5KtOWh

#NepoDing https://t.co/hxSeatPqCJ"
3,1331675,"Ding Liren plays the absolutely crushing 42.Qc7! 

#NepoDing https://t.co/xVMZHFTFIC","Ding Liren plays the absolutely crushing 42.Qc7! 

#NepoDing https://t.co/xVMZHFTFIC"
3,1384356,"@jestalt #DingLiren seems to have found trouble early in the game.

""All the bad signs for black are already there on the board,"" says Irina Krush in commentary. GM Daniil Dubov agrees. ""It's hard to come up with some good news for black,"" he adds.

Follow our #NepoDing live blog:â€¦ https://t.co/YGIS3NVG2k","@jestalt #DingLiren seems to have found trouble early in the game.

""All the bad signs for black are already there on the board,"" says Irina Krush in commentary. GM Daniil Dubov agrees. ""It's hard to come up with some good news for black,"" he adds.

Follow our #NepoDing live blog:â€¦ https://t.co/YGIS3NVG2k"
3,1423264,"Ding Liren: ""Estaba muy emocionado despuÃ©s de Cg5, pero luego de Dc7 me di cuenta de que tenÃ­a que activar el modo defensivo""  

#NepoDing https://t.co/0tDZJ6rgtW","Ding Liren: â€œI was really excited after Cg5, but after Dc7 I realized that I had to activate the defensive modeâ€ 

#NepoDing https://t.co/0tDZJ6rgtW"
3,1356868,Our commentators discuss possible Dingâ€™s prep leak. @lichess #NepoDing https://t.co/mii5CTqJ6b,Our commentators discuss possible Dingâ€™s prep leak. @lichess #NepoDing https://t.co/mii5CTqJ6b
4,1341045,"ğŸ‡«ğŸ‡· Pourquoi la dÃ©fense franÃ§aise s'appelle-t-elle ainsi ?
â™Ÿ DÃ©couvrez l'histoire de Â« La partie du Pion du Roi un pas Â» sur https://t.co/gEifTwjoIU

#NepoDing https://t.co/RcEKmRYNIV","ğŸ‡«ğŸ‡· Why is the French defense called that?
â™Ÿ Discover the story of â€œThe King's Pawn One Step Gameâ€ on https://t.co/gEifTwjoIU

#NepoDing https://t.co/RcEKmRYNIV"
4,1356412,Best chess match EVER!! #NepoDing https://t.co/1VOupARzKr,Best chess match EVER!! #NepoDing https://t.co/1VOupARzKr
4,1426101,h4 y la cosa se pone interesante!! #NepoDing #chess #Ajedrez https://t.co/DR4DctX1aY,H4 and things get interesting!! #NepoDing #chess #Ajedrez https://t.co/DR4DctX1aY
4,1348419,"- Draw me like one of your French girls.
- Rd2.

#NepoDing #Chess https://t.co/idDpNi3Yms","- Draw me like one of your French girls.
- Rd2.

#NepoDing #Chess https://t.co/idDpNi3Yms"
4,1422353,"Amazing CHECKMATE Strategy !!  ğŸ˜
#chess #gotham #wcc #fide #gothamchess #chess #entertainment #foryou #twitch #checkmate #viral #trending #tiktok #reels https://t.co/WQItM3RNL7","Amazing CHECKMATE Strategy !!  ğŸ˜
#chess #gotham #wcc #fide #gothamchess #chess #entertainment #foryou #twitch #checkmate #viral #trending #tiktok #reels https://t.co/WQItM3RNL7"
4,1420818,Ok let's do something like hand and brain or dice chess  now #NepoDing @ReheSamay @anishgiri,Ok let's do something like hand and brain or dice chess  now #NepoDing @ReheSamay @anishgiri
4,1377466,"NepoDing: The Return of the Pink Shirt
#Chess #NepoDing  @chesscom https://t.co/NcpXghleHU","NepoDing: The Return of the Pink Shirt
#Chess #NepoDing  @chesscom https://t.co/NcpXghleHU"
4,1362272,"Ian Nepomniachtchi: ""I'm trying to restrict myself from reading the match commentaries online. So many people make comments on every major chess channel. Once you start digging into a topic, it will consume all of your free time. So, it's better not to start."" #NepoDing 

ğŸ“·:â€¦ https://t.co/JPQaQclk2g https://t.co/MH7eqAHDNd","Ian Nepomniachtchi: ""I'm trying to restrict myself from reading the match commentaries online. So many people make comments on every major chess channel. Once you start digging into a topic, it will consume all of your free time. So, it's better not to start."" #NepoDing 

ğŸ“·:â€¦ https://t.co/JPQaQclk2g https://t.co/MH7eqAHDNd"
4,1332577,"Tells a lot about @FIDE_chess they don't even bother to update match score on their official match site.
#NepoDing https://t.co/h8RuVCJvoa https://t.co/aXuIA7M8GB","Tells a lot about @FIDE_chess they don't even bother to update match score on their official match site.
#NepoDing https://t.co/h8RuVCJvoa https://t.co/aXuIA7M8GB"
4,1339273,There is obviously a lot I donâ€™t understand about high level chess. #NepoDing https://t.co/4oe2MTBfuu,There is obviously a lot I donâ€™t understand about high level chess. #NepoDing https://t.co/4oe2MTBfuu
5,1441211,"Ø­ØªÙ‰ ÙÙŠ Ù…Ø¨Ø§Ø±ÙŠØ§Øª Ø§Ù„Ù…Ù„ÙƒÙŠ Ù„Ù… Ø£ØªÙˆØªÙ‘Ø± Ù‡ÙƒØ°Ø§
Ø±Ø³Ù…ÙŠØ§Ù‹ ğŸš¨Ø§Ù„ØªÙ†ÙŠÙ† Ø§Ù„ØµÙŠÙ†ÙŠ #Ø¯ÙŠÙ†Øº_Ù„ÙŠØ±Ù† ÙŠØªØºÙ„Ø¨ Ø¹Ù„Ù‰ Ø§ÙŠØ§Ù† Ù†ÙŠØ¨ÙˆÙ…Ù†Ø§ØªØ´ÙŠ Ùˆ ÙŠØµØ¨Ø­Ù Ø¨Ø·Ù„ Ø§Ù„Ø¹Ø§Ù„Ù… ÙÙŠ #Ø§Ù„Ø´Ø·Ø±Ù†Ø¬_2023 ÙˆØ§Ù„Ø¨Ø·Ù„ Ø±Ù‚Ù… 17 ØªØ§Ø±ÙŠØ®ÙŠØ§Ù‹..Ø¨Ø¹Ø¯ 14 Ù…Ø¨Ø§Ø±Ø§Ø© Ù…Ù„Ø­Ù…ÙŠØ© ÙˆÙ…Ù† Ø«Ù… Ø§Ù„Ø­Ø³Ù… ÙÙŠ Ù…ÙˆØ§Ø¬Ù‡Ø§Øª Ø§Ù„Ø±Ø§Ø¨ÙŠØ¯
ÙƒÙ„ Ø§Ù„Ø´ÙƒØ± @AlkhatibIm Ø¹Ù„Ù‰ Ø§Ù„ØªØºØ·ÙŠØ© Ø§Ù„Ø±Ø§Ø¦Ø¹Ø© ÙŠØ§Ù…Ø¨Ø¯Ø¹ #NepoDing #Wahliyano https://t.co/kW8JRpmYVD","Even in Al Malaky matches, I didn't get so nervous
Officially ğŸš¨ The Chinese dragon #Ø¯ÙŠÙ†Øº_Ù„ÙŠØ±Ù† beats Ian Nepomnachi to become the world champion in #Ø§Ù„Ø´Ø·Ø±Ù†Ø¬_2023 and the 17th champion in history... after 14 epic matches and then the decision in the Rapid matches
Thank you @AlkhatibIm for the great coverage, creative #NepoDing #Wahliyano https://t.co/kW8JRpmYVD"
5,1429941,Ding Liren ang bagong world chess champion ng Chess! Congrats. #DingLiren #NepoDing #WorldChessChampionship https://t.co/SIngt9nzkT,Ding Liren ang bagong world chess champion ng Chess! Congrats. #DingLiren #NepoDing #WorldChessChampionship https://t.co/SIngt9nzkT
5,1433231,"Although no longer a champion, he remains undefeated!!! 

Congrats Ding!! #NepoDing https://t.co/NQiGggudbH","Although no longer a champion, he remains undefeated!!! 

Congrats Ding!! #NepoDing https://t.co/NQiGggudbH"
5,1436335,I like @lachesisq. He is a nice guy &amp; a very fine player. But I am delighted for Ding Liren. I even shed a tear or two at the end. What a dramatic finish.  #NepoDing #FIDE,I like @lachesisq. He is a nice guy &amp; a very fine player. But I am delighted for Ding Liren. I even shed a tear or two at the end. What a dramatic finish.  #NepoDing #FIDE
5,1435180,"China's #DingLiren made history by becoming the 17th #FIDEWorldChessChampionship, defeating #IanNepomniachtchi in the final game of the tiebreak here on Sunday. #ChessWorldChampionship @FIDE_chess 
https://t.co/Hi316e7srY","China's #DingLiren made history by becoming the 17th #FIDEWorldChessChampionship, defeating #IanNepomniachtchi in the final game of the tiebreak here on Sunday. #ChessWorldChampionship @FIDE_chess 
https://t.co/Hi316e7srY"
5,1441197,"Congratulations to GM Ding Liren ğŸ‡¨ğŸ‡³on becoming the 17th World Chess Champion. The first Chinese man to ever do so! #nepoding 
ğŸ“·Anna Shtourman- @FIDE_chess https://t.co/fH4a8SSiER","Congratulations to GM Ding Liren ğŸ‡¨ğŸ‡³on becoming the 17th World Chess Champion. The first Chinese man to ever do so! #nepoding 
ğŸ“·Anna Shtourman- @FIDE_chess https://t.co/fH4a8SSiER"
5,1450730,First Chinese world Champion in Chess! #chess #fide #china #nio https://t.co/cyHsCBfuTH,First Chinese world Champion in Chess! #chess #fide #china #nio https://t.co/cyHsCBfuTH
5,1437516,Les 16 premiers Champions du monde de l'histoire des Ã©checs sont tous des lÃ©gendes. Le 17eme  Ding Liren est le 1er chinois Ã  ravir le titre. Sa lÃ©gende ne fait que commencer ğŸ†ğŸ‘  ğŸ“¸ Stev Bonhage #DingNepo #NepoDing #chess @FIDE_chess https://t.co/4WraNGe6IM,The first 16 World Champions in the history of chess are all legends. The 17th Ding Liren is the first Chinese to win the title. His legend has only just begun ğŸ†ğŸ‘ ğŸ“¸ Stev Bonhage #DingNepo #NepoDing #chess @FIDE_chess https://t.co/4WraNGe6IM
5,1441881,Ding Loren is the new World Chess Champion...A new Era has began @chess24com @lichess @chesscom @ChessProblem @FIDE_chess @chess,Ding Loren is the new World Chess Champion...A new Era has began @chess24com @lichess @chesscom @ChessProblem @FIDE_chess @chess
5,1450565,"#DingLiren becomes #China'sğŸ‡¨ğŸ‡³ first male world #chess champion 
@DingLiren @FIDE_chess 
#KazakhstanğŸ‡°ğŸ‡¿

https://t.co/TQhECz9pSB","#DingLiren becomes #China'sğŸ‡¨ğŸ‡³ first male world #chess champion 
@DingLiren @FIDE_chess 
#KazakhstanğŸ‡°ğŸ‡¿

https://t.co/TQhECz9pSB"
6,1435733,Check out Optical Academyâ€™s New Reel Post! #CSKvsPBKS #ENHYPEN #GlazersOut #lufc #NepoDing #Ø§Ù„Ù‡Ù„Ø§Ù„_Ø§ÙˆØ±Ø§ÙˆØ§ #Ù†Ù‡Ø§Ø¦ÙŠ_Ø¯ÙˆØ±ÙŠ_Ø£Ø¨Ø·Ø§Ù„_Ø¢Ø³ÙŠØ§ #ã¾ã¤ã‚‚toãªã‹ã„ #award #nyc #vision https://t.co/5pjddsh21R,Check out Optical Academyâ€™s New Reel Post! #CSKvsPBKS #ENHYPEN #GlazersOut #lufc #NepoDing #Ø§Ù„Ù‡Ù„Ø§Ù„_Ø§ÙˆØ±Ø§ÙˆØ§ #Ù†Ù‡Ø§Ø¦ÙŠ_Ø¯ÙˆØ±ÙŠ_Ø£Ø¨Ø·Ø§Ù„_Ø¢Ø³ÙŠØ§ #ã¾ã¤ã‚‚toãªã‹ã„ #award #nyc #vision https://t.co/5pjddsh21R
6,1436801,â€œDown badâ€ LMFAO ğŸ˜­ğŸ’€#CHAEUNWOO #MASHIHO #skyneedsF16 #lufc #NepoDing #ã¾ã¤ã‚‚toãªã‹ã„ #viral #trending #money #carride https://t.co/v22t7XdRDq,â€œDown badâ€ LMFAO ğŸ˜­ğŸ’€#CHAEUNWOO #MASHIHO #skyneedsF16 #lufc #NepoDing #ã¾ã¤ã‚‚toãªã‹ã„ #viral #trending #money #carride https://t.co/v22t7XdRDq
6,1435357,Giant spider ğŸ•¸ï¸ #Ø§Ù„Ù‡Ù„Ø§Ù„_Ø§ÙˆØ±Ø§ÙˆØ§ #lufc #CSKvsPBKS #à¹€à¸¥à¸´à¸à¹€à¸–à¸­à¸°à¸¡à¸´à¸§ #ã¾ã¤ã‚‚toãªã‹ã„ #GlazersOut #à¸Šà¸²à¸­à¸¶à¸™à¸­à¸¹ #Ù†Ù‡Ø§Ø¦ÙŠ_Ø¯ÙˆØ±ÙŠ_Ø£Ø¨Ø·Ø§Ù„_Ø¢Ø³ÙŠØ§ #NepoDing #ENHYPEN https://t.co/EFVExUSG2O,Giant spider ğŸ•¸ï¸ #Ø§Ù„Ù‡Ù„Ø§Ù„_Ø§ÙˆØ±Ø§ÙˆØ§ #lufc #CSKvsPBKS #à¹€à¸¥à¸´à¸à¹€à¸–à¸­à¸°à¸¡à¸´à¸§ #ã¾ã¤ã‚‚toãªã‹ã„ #GlazersOut #à¸Šà¸²à¸­à¸¶à¸™à¸­à¸¹ #Ù†Ù‡Ø§Ø¦ÙŠ_Ø¯ÙˆØ±ÙŠ_Ø£Ø¨Ø·Ø§Ù„_Ø¢Ø³ÙŠØ§ #NepoDing #ENHYPEN https://t.co/EFVExUSG2O
6,1436133,"O.TWO.O Eyebrow Cushion Stamp Waterproof 1-Step Brow Stamp Long Lasting Eyes Makeup With Spoolie Brush 10 Reusable Beginner Stencils. Dapatkan di Shopee sekarang!ğŸ‘‡

ğŸ›’ https://t.co/3AhyqJFYZn
â€¢
â€¢
#à¹€à¸¥à¸´à¸à¹€à¸–à¸­à¸°à¸¡à¸´à¸§ #à¹€à¸Šà¸µà¸¢à¸‡à¹ƒà¸«à¸¡à¹ˆ #GlazersOut #à¸Šà¸²à¸­à¸¶à¸™à¸­à¸¹ #NepoDing #CHAEUNWOO #Scudetto https://t.co/hJxlapuqLu","O.TWO.O Eyebrow Cushion Stamp Waterproof 1-Step Brow Stamp Long Lasting Eyes Makeup With Spoolie Brush 10 Reusable Beginner Stencils. Dapatkan di Shopee sekarang!ğŸ‘‡

ğŸ›’ https://t.co/3AhyqJFYZn
â€¢
â€¢
#à¹€à¸¥à¸´à¸à¹€à¸–à¸­à¸°à¸¡à¸´à¸§ #à¹€à¸Šà¸µà¸¢à¸‡à¹ƒà¸«à¸¡à¹ˆ #GlazersOut #à¸Šà¸²à¸­à¸¶à¸™à¸­à¸¹ #NepoDing #CHAEUNWOO #Scudetto https://t.co/hJxlapuqLu"
6,1439260,"What a stressful day, ğŸ˜ªğŸ˜ªğŸ˜ª
Super Drained and exhausted
Good night Everyone ğŸ˜˜ğŸ˜šğŸ˜´ğŸ˜´ğŸ˜´
 #CSKvsPBKS #à¸Šà¸²à¸­à¸¶à¸™à¸­à¸¹ #GlazersOut #KonnecThaiXChaEunWoo #SUGA_AgustD_TOUR #CHAEUNWOO #NepoDing #AgustD_SUGA_Tour #TrendingNowSatNite #twitterclarets #TwitterFiles #TwitterNatureCommunity https://t.co/Rh0h6R4Bhz","What a stressful day, ğŸ˜ªğŸ˜ªğŸ˜ª
Super Drained and exhausted
Good night Everyone ğŸ˜˜ğŸ˜šğŸ˜´ğŸ˜´ğŸ˜´
 #CSKvsPBKS #à¸Šà¸²à¸­à¸¶à¸™à¸­à¸¹ #GlazersOut #KonnecThaiXChaEunWoo #SUGA_AgustD_TOUR #CHAEUNWOO #NepoDing #AgustD_SUGA_Tour #TrendingNowSatNite #twitterclarets #TwitterFiles #TwitterNatureCommunity https://t.co/Rh0h6R4Bhz"
6,1439079,"VIP SIGNAL is free for first 20 members
Telegram link
https://t.co/mKadoKDcn6

#AzerbaijanGP
#æ—¥æ›œã®å¤œãã‚‰ã„ã¯
#CSKvsPBKS #à¸Šà¸²à¸­à¸¶à¸™à¸­à¸¹ #GlazersOut #KonnecThaiXChaEunWoo #AgustD_SUGA_Tour #NepoDing #CHAEUNWOO #JAPANJAM #JAPANJAM2023 #japangirl #JAPANJAM_2023 #japanese #fprex #forex","VIP SIGNAL is free for first 20 members
Telegram link
https://t.co/mKadoKDcn6

#AzerbaijanGP
#æ—¥æ›œã®å¤œãã‚‰ã„ã¯
#CSKvsPBKS #à¸Šà¸²à¸­à¸¶à¸™à¸­à¸¹ #GlazersOut #KonnecThaiXChaEunWoo #AgustD_SUGA_Tour #NepoDing #CHAEUNWOO #JAPANJAM #JAPANJAM2023 #japangirl #JAPANJAM_2023 #japanese #fprex #forex"
6,1439353,"Happy Birthday to me
#AzerbaijanGP #GlazersOut #CHAEUNWOO #NepoDing #NepoDing https://t.co/e7GhVoWdkK","Happy Birthday to me
#AzerbaijanGP #GlazersOut #CHAEUNWOO #NepoDing #NepoDing https://t.co/e7GhVoWdkK"
6,1435237,Unbelievable telent #Ø§Ù„Ù‡Ù„Ø§Ù„_Ø§ÙˆØ±Ø§ÙˆØ§ #lufc #CSKvsPBKS #à¹€à¸¥à¸´à¸à¹€à¸–à¸­à¸°à¸¡à¸´à¸§ #ã¾ã¤ã‚‚toãªã‹ã„ #GlazersOut #à¸Šà¸²à¸­à¸¶à¸™à¸­à¸¹ #Ù†Ù‡Ø§Ø¦ÙŠ_Ø¯ÙˆØ±ÙŠ_Ø£Ø¨Ø·Ø§Ù„_Ø¢Ø³ÙŠØ§ #ENHYPEN #NepoDing https://t.co/lyOUR2ob6h,Unbelievable telent #Ø§Ù„Ù‡Ù„Ø§Ù„_Ø§ÙˆØ±Ø§ÙˆØ§ #lufc #CSKvsPBKS #à¹€à¸¥à¸´à¸à¹€à¸–à¸­à¸°à¸¡à¸´à¸§ #ã¾ã¤ã‚‚toãªã‹ã„ #GlazersOut #à¸Šà¸²à¸­à¸¶à¸™à¸­à¸¹ #Ù†Ù‡Ø§Ø¦ÙŠ_Ø¯ÙˆØ±ÙŠ_Ø£Ø¨Ø·Ø§Ù„_Ø¢Ø³ÙŠØ§ #ENHYPEN #NepoDing https://t.co/lyOUR2ob6h
6,1441046,"Click here- https://t.co/I1azOEagdQ

#BlanketsAndWineKla #SundayMorning #CoronationğŸ“· #Marines #NepoDing #ã¾ã¤ã‚‚toãªã‹ã„ #AzerbaijanGP #ãƒ©ã‚¹ãƒˆãƒãƒ³ #ã©ã†ã™ã‚‹å®¶åº· #sundayvibes #SundayMorning #MUNAVL #crypto #nft #usa #twittermarketing #digitalmarketing #UkraineRussiaWarï¸ https://t.co/uHccWAvVoO","Click here- https://t.co/I1azOEagdQ

#BlanketsAndWineKla #SundayMorning #CoronationğŸ“· #Marines #NepoDing #ã¾ã¤ã‚‚toãªã‹ã„ #AzerbaijanGP #ãƒ©ã‚¹ãƒˆãƒãƒ³ #ã©ã†ã™ã‚‹å®¶åº· #sundayvibes #SundayMorning #MUNAVL #crypto #nft #usa #twittermarketing #digitalmarketing #UkraineRussiaWarï¸ https://t.co/uHccWAvVoO"
6,1435520,Beautiful Girl in Heavy Raining ğŸŒ§ï¸â˜” #ã¾ã¤ã‚‚toãªã‹ã„ #à¹€à¸¥à¸´à¸à¹€à¸–à¸­à¸°à¸¡à¸´à¸§ #CSKvsPBKS #GlazersOut #beautifulgirl #raining #AIArtworks #aiartist #MidjourneyAI #midjourney #ChatGPTè´¦å· #chatgpt4 #unrealistic #ENHYPEN #NepoDing #umberalla #CuteGirl #Ø§Ù„Ù‡Ù„Ø§Ù„_Ø§ÙˆØ±Ø§ÙˆØ§ https://t.co/9WL0zGnJDh,Beautiful Girl in Heavy Raining ğŸŒ§ï¸â˜” #ã¾ã¤ã‚‚toãªã‹ã„ #à¹€à¸¥à¸´à¸à¹€à¸–à¸­à¸°à¸¡à¸´à¸§ #CSKvsPBKS #GlazersOut #beautifulgirl #raining #AIArtworks #aiartist #MidjourneyAI #midjourney #ChatGPTè´¦å· #chatgpt4 #unrealistic #ENHYPEN #NepoDing #umberalla #CuteGirl #Ø§Ù„Ù‡Ù„Ø§Ù„_Ø§ÙˆØ±Ø§ÙˆØ§ https://t.co/9WL0zGnJDh
7,1418023,"Wonderful offer by team @chessable to keep offers on all openings played on wcc 2023,
Was waiting for an offer to buy @anishgiri najdorf course .
Sad no game featured a sicilian ğŸ˜¢.
Now buying Wesley so 1.e4 part 2

#NepoDing #WorldChessChampionship #chessablemasters","Wonderful offer by team @chessable to keep offers on all openings played on wcc 2023,
Was waiting for an offer to buy @anishgiri najdorf course .
Sad no game featured a sicilian ğŸ˜¢.
Now buying Wesley so 1.e4 part 2

#NepoDing #WorldChessChampionship #chessablemasters"
7,1383988,"Grandmaster @rjrapport of Romania is the epitome of the term ""wild-card"" and I have faith that he will not let #NepoDing conclude without at least fireworks for the history books, if not a win for Grandmaster Ding Liren of China! https://t.co/vQcWZAhZ2j","Grandmaster @rjrapport of Romania is the epitome of the term ""wild-card"" and I have faith that he will not let #NepoDing conclude without at least fireworks for the history books, if not a win for Grandmaster Ding Liren of China! https://t.co/vQcWZAhZ2j"
7,1376660,"MalgrÃ© une inversion dans l'ordre des coups, la prÃ©paration de Ian Nepomniachtchi avec les piÃ¨ces noires s'est avÃ©rÃ©e suffisante pour obtenir le demi-point dans la 10e partie.
â™Ÿ Retrouvez la partie analysÃ©e sur https://t.co/gEifTwjoIU

ğŸ“· Lennart Ootes
#NepoDing https://t.co/eJtuLlW7om","Despite a reversal in the order of the shots, Ian Nepomniachtchi's preparation with the black pieces proved sufficient to get the half-point in the 10th game.
â™Ÿ Find the analyzed part on https://t.co/gEifTwjoIU

ğŸ“· Lennart Ootes
#NepoDing https://t.co/eJtuLlW7om"
7,1370017,"All you need to know about Ian Nepomniachtchi: World Chess Championship Contender | 2023
https://t.co/0jtZp94yLp

#WorldChessChampionship #IanNepomniachtchi #Nepomniachtchi #grandmasters #russia #FIDE #chessbox #playchessonline","All you need to know about Ian Nepomniachtchi: World Chess Championship Contender | 2023
https://t.co/0jtZp94yLp

#WorldChessChampionship #IanNepomniachtchi #Nepomniachtchi #grandmasters #russia #FIDE #chessbox #playchessonline"
7,1410899,"9 moves in we're still following Game 5, which Nepomniachtchi won: https://t.co/CMW8dJLLbw 
#NepoDing #c24live https://t.co/ocdRCtauRU","9 moves in we're still following Game 5, which Nepomniachtchi won: https://t.co/CMW8dJLLbw 
#NepoDing #c24live https://t.co/ocdRCtauRU"
7,1393825,"Game 13 of the World Chess Championship.

It still isn't over Ding. If you want a good chance to Become World Champion, you mustn't lose this game.

Play something stable, something Solid.

Don't let Nepo get another point.

#Chess #NepoDing #WorldChessChampionship","Game 13 of the World Chess Championship.

It still isn't over Ding. If you want a good chance to Become World Champion, you mustn't lose this game.

Play something stable, something Solid.

Don't let Nepo get another point.

#Chess #NepoDing #WorldChessChampionship"
7,1426421,"In Game 12 of the 2023 FIDE World Chess Championship, Ian Nepomniachtchi blundered in a pawn move (f5??) after leading most of the game against Ding Liren!
#NepoDing 
(Image from @chesscom) https://t.co/Rg5ocXYADe","In Game 12 of the 2023 FIDE World Chess Championship, Ian Nepomniachtchi blundered in a pawn move (f5??) after leading most of the game against Ding Liren!
#NepoDing 
(Image from @chesscom) https://t.co/Rg5ocXYADe"
7,1357480,"ä¸–ç•Œãƒãƒ£ãƒ³ãƒ”ã‚ªãƒ³ã‚¿ã‚¤ãƒˆãƒ«ãƒãƒƒãƒå¾ŒåŠæˆ¦ã€ç¬¬å…«å±€ãŒå§‹ã¾ã‚Šã¾ã—ãŸã€‚ãƒ‹ãƒ ã‚¾ã®ã‚¼ãƒ¼ãƒŸãƒƒã‚·ãƒ¥ã§ã™ã­ã€‚ç¢ºå®Ÿã«è¨€ãˆã‚‹ã“ã¨ãŒ1ã¤ã€‚ã‚¼ãƒ¼ãƒŸãƒƒã‚·ãƒ¥ã¯ç™½ã¨ã—ã¦ã‹ãªã‚Šæ”»ã‚ãŸå§¿å‹¢ã‚’æŒã¤å¤‰åŒ–ã§ã€DingãŒç¢ºå®Ÿã«ã€Œæ®ºã‚‹æ°—ğŸ”ªã€ã ã¨ã„ã†ã“ã¨ã§ã™ğŸ˜„

#NepoDing https://t.co/pRYF05TzxY","The eighth round of the second half of the World Championship title match has begun. Nimzo's Zemish, isn't it? One thing I can say for sure. Zemish is a change with a pretty aggressive attitude as white, which means Ding definitely â€œwants to kill ğŸ”ªâ€ ğŸ˜„

#NepoDing https://t.co/pRYF05TzxY"
7,1423685,"The final classical game of the match between Ding Liren and Ian Nepomniachtchi ends in a draw. #NepoDing

The 2023 FIDE World Champion will be decided in tomorrow's tiebreak!
Who are you rooting for?

ğŸ“·: Stev Bonhage https://t.co/S0MYHMtqSU","The final classical game of the match between Ding Liren and Ian Nepomniachtchi ends in a draw. #NepoDing

The 2023 FIDE World Champion will be decided in tomorrow's tiebreak!
Who are you rooting for?

ğŸ“·: Stev Bonhage https://t.co/S0MYHMtqSU"
7,1364595,We are now live with the 9th game of the #NepoDing @FIDE_chess World Championship match 2023! Ding has gone for the Berlin today with the Black pieces. Arjun is playing in the #sattyzhuldyz Rapid from 4:30 PM IST - we'll also follow that! Join in: https://t.co/40aNjbiSBN https://t.co/Vry2ENAYn4,We are now live with the 9th game of the #NepoDing @FIDE_chess World Championship match 2023! Ding has gone for the Berlin today with the Black pieces. Arjun is playing in the #sattyzhuldyz Rapid from 4:30 PM IST - we'll also follow that! Join in: https://t.co/40aNjbiSBN https://t.co/Vry2ENAYn4
8,1434581,@Shubham11752263 @FIDE_chess Incorrect. He led the match in game 18. That's why he's the World Champion.,@Shubham11752263 @FIDE_chess Incorrect. He led the match in game 18. That's why he's the World Champion.
8,1433100,". 

Magnus may have lost his crown, but you can still feel like royalty! Download the TEMU app with my invitation code &lt;125436923&gt; and earn up to $20 in cash rewards. Who needs chess when you have cash? #TEMU #NepoDing https://t.co/F6auP8MMBy",". 

Magnus may have lost his crown, but you can still feel like royalty! Download the TEMU app with my invitation code &lt;125436923&gt; and earn up to $20 in cash rewards. Who needs chess when you have cash? #TEMU #NepoDing https://t.co/F6auP8MMBy"
8,1435240,"@andaliferopulos @peterdoggers @FIDE_chess True, Topalov was the highest rated player and imo the strongest player in 2005-2007. But he lost the match with Kramnik, the true WC. So he canâ€™t be considered the 15th WC. Anand is.","@andaliferopulos @peterdoggers @FIDE_chess True, Topalov was the highest rated player and imo the strongest player in 2005-2007. But he lost the match with Kramnik, the true WC. So he canâ€™t be considered the 15th WC. Anand is."
8,1396925,"Magnus Chess Title to be claimed soon. 
#WordChessChampionship #100Blitz #NepoDing https://t.co/flZij5YfTW","Magnus Chess Title to be claimed soon. 
#WordChessChampionship #100Blitz #NepoDing https://t.co/flZij5YfTW"
8,1489292,Thanks to @FIDE_chess for an exiting #worldchesschampionship games and defending the best chess format as 5-time world champion @MagnusCarlsen refuses to play.,Thanks to @FIDE_chess for an exiting #worldchesschampionship games and defending the best chess format as 5-time world champion @MagnusCarlsen refuses to play.
8,1432004,"Hey #Chess fans! Magnus just made a MOVE of the DAY that even Ding Liren can't resist. And speaking of moves, have you tried the TEMU app? It's a game-changer! Use my code &lt;123788435&gt; and earn up to $20 in cash rewards. Trust me, even Magnus approves ğŸ˜‰ #WorldChessChampionship https://t.co/C8VGmgR7h9","Hey #Chess fans! Magnus just made a MOVE of the DAY that even Ding Liren can't resist. And speaking of moves, have you tried the TEMU app? It's a game-changer! Use my code &lt;123788435&gt; and earn up to $20 in cash rewards. Trust me, even Magnus approves ğŸ˜‰ #WorldChessChampionship https://t.co/C8VGmgR7h9"
8,1437920,"Magnus quiÃ©n?... El rey ha muerto, viva el rey #DingLiren #WorldChessChampionship https://t.co/9NR1XnhzpB","Magnus who?... The king is dead, long live the king #DingLiren #WorldChessChampionship https://t.co/9NR1XnhzpB"
8,1439791,"Had to play 30 games in a month for eligibility,
Barely came second in the candidates,
Magnus withdraws
Loses 2nd game,
Comes back from behind multiple times in the match,
Wins the last rapid game by the brave Rg6 declining the draw!!

Nothing short of a miracle.

#NepoDing https://t.co/GFd2k1pyKT","Had to play 30 games in a month for eligibility,
Barely came second in the candidates,
Magnus withdraws
Loses 2nd game,
Comes back from behind multiple times in the match,
Wins the last rapid game by the brave Rg6 declining the draw!!

Nothing short of a miracle.

#NepoDing https://t.co/GFd2k1pyKT"
8,1335107,"@JustSayYess2 @SiblaniRayan @FIDE_chess And while Magnus is certainly the most consistent, both of these players have beaten Magnus. They deserve to be where they are.","@JustSayYess2 @SiblaniRayan @FIDE_chess And while Magnus is certainly the most consistent, both of these players have beaten Magnus. They deserve to be where they are."
8,1457842,"@tape045 @FIDE_chess Just that normally it takes a bit more than the first win / championship etc to define an ""era"" like Carlsen did, Federer in tennis etc. Maybe just a lingual thing though, no big deal.","@tape045 @FIDE_chess Just that normally it takes a bit more than the first win / championship etc to define an ""era"" like Carlsen did, Federer in tennis etc. Maybe just a lingual thing though, no big deal."
9,1413158,"@iloveyoubjork Should @GMWesleySo123 have been a wildcard in 2020 or 2022 candidates as 2019 WFRCC winner?

@FabianoCaruana was a wildcard in 2019 WFRCC as 2018 WCC runner-up (NOT by FRC virtue unlike @GMHikaru @MagnusCarlsen ).

@PHChess @FIDE_chess @advorkovich @vishy64theking @AndriyBar","@iloveyoubjork Should @GMWesleySo123 have been a wildcard in 2020 or 2022 candidates as 2019 WFRCC winner?

@FabianoCaruana was a wildcard in 2019 WFRCC as 2018 WCC runner-up (NOT by FRC virtue unlike @GMHikaru @MagnusCarlsen ).

@PHChess @FIDE_chess @advorkovich @vishy64theking @AndriyBar"
9,1419654,"@lichess @FIDE_chess @lachesisq Should @GMWesleySo123 have been a wildcard in 2020 or 2022 candidates as 2019 WFRCC winner?

@FabianoCaruana was a wildcard in 2019 WFRCC as 2018 WCC runner-up (NOT by FRC virtue unlike @GMHikaru @MagnusCarlsen ).

@PHChess @FIDE_chess @advorkovich @vishy64theking @AndriyBar","@lichess @FIDE_chess @lachesisq Should @GMWesleySo123 have been a wildcard in 2020 or 2022 candidates as 2019 WFRCC winner?

@FabianoCaruana was a wildcard in 2019 WFRCC as 2018 WCC runner-up (NOT by FRC virtue unlike @GMHikaru @MagnusCarlsen ).

@PHChess @FIDE_chess @advorkovich @vishy64theking @AndriyBar"
9,1516543,"@FIDE_chess Should @GMWesleySo123 have been wildcard in 2020 or 2022 candidates as 2019 WFRCC winner?

@FabianoCaruana was wildcard in 2019 WFRCC as 2018 WCC runner-up (NOT by FRC unlike @GMHikaru @MagnusCarlsen).

@PHChess @FIDE_chess @advorkovich @vishy64theking @AndriyBar @EmilSutovsky","@FIDE_chess Should @GMWesleySo123 have been wildcard in 2020 or 2022 candidates as 2019 WFRCC winner?

@FabianoCaruana was wildcard in 2019 WFRCC as 2018 WCC runner-up (NOT by FRC unlike @GMHikaru @MagnusCarlsen).

@PHChess @FIDE_chess @advorkovich @vishy64theking @AndriyBar @EmilSutovsky"
9,1416469,"@MagnusCarlsen Should @GMWesleySo123 have been a wildcard in 2020 or 2022 candidates as 2019 WFRCC winner?

@FabianoCaruana was a wildcard in 2019 WFRCC as 2018 WCC runner-up (NOT by FRC virtue unlike @GMHikaru @MagnusCarlsen )?

@PHChess @FIDE_chess @advorkovich @vishy64theking @AndriyBar","@MagnusCarlsen Should @GMWesleySo123 have been a wildcard in 2020 or 2022 candidates as 2019 WFRCC winner?

@FabianoCaruana was a wildcard in 2019 WFRCC as 2018 WCC runner-up (NOT by FRC virtue unlike @GMHikaru @MagnusCarlsen )?

@PHChess @FIDE_chess @advorkovich @vishy64theking @AndriyBar"
9,1416721,"@FIDE_chess Should @GMWesleySo123 have been a wildcard in 2020 or 2022 candidates as 2019 WFRCC winner?

@FabianoCaruana was a wildcard in 2019 WFRCC as 2018 WCC runner-up (NOT by FRC virtue unlike @GMHikaru @MagnusCarlsen )?

@PHChess @FIDE_chess @advorkovich @vishy64theking @AndriyBar","@FIDE_chess Should @GMWesleySo123 have been a wildcard in 2020 or 2022 candidates as 2019 WFRCC winner?

@FabianoCaruana was a wildcard in 2019 WFRCC as 2018 WCC runner-up (NOT by FRC virtue unlike @GMHikaru @MagnusCarlsen )?

@PHChess @FIDE_chess @advorkovich @vishy64theking @AndriyBar"
9,1474524,"@sheikhmansoor @advorkovich @FIDE_chess @GCLlive Should @GMWesleySo123 have been wildcard in 2020 or 2022 candidates as 2019 WFRCC winner?

@FabianoCaruana was wildcard in 2019 WFRCC as 2018 WCC runner-up (NOT by FRC unlike @GMHikaru @MagnusCarlsen).

@PHChess @FIDE_chess @advorkovich @vishy64theking @AndriyBar @EmilSutovsky","@sheikhmansoor @advorkovich @FIDE_chess @GCLlive Should @GMWesleySo123 have been wildcard in 2020 or 2022 candidates as 2019 WFRCC winner?

@FabianoCaruana was wildcard in 2019 WFRCC as 2018 WCC runner-up (NOT by FRC unlike @GMHikaru @MagnusCarlsen).

@PHChess @FIDE_chess @advorkovich @vishy64theking @AndriyBar @EmilSutovsky"
9,1444039,"@DSK1425 @GMWesleySo123 Should @GMWesleySo123 have been a wildcard in 2020 or 2022 candidates as 2019 WFRCC winner?

@FabianoCaruana was a wildcard in 2019 WFRCC as 2018 WCC runner-up (NOT by FRC virtue unlike @GMHikaru @MagnusCarlsen ).

@PHChess @FIDE_chess @advorkovich @vishy64theking @AndriyBar","@DSK1425 @GMWesleySo123 Should @GMWesleySo123 have been a wildcard in 2020 or 2022 candidates as 2019 WFRCC winner?

@FabianoCaruana was a wildcard in 2019 WFRCC as 2018 WCC runner-up (NOT by FRC virtue unlike @GMHikaru @MagnusCarlsen ).

@PHChess @FIDE_chess @advorkovich @vishy64theking @AndriyBar"
9,1462627,"@topfoder @lachesisq Should @GMWesleySo123 have been a wildcard in 2020 or 2022 candidates as 2019 WFRCC winner?

@FabianoCaruana was a wildcard in 2019 WFRCC as 2018 WCC runner-up (NOT by FRC virtue unlike @GMHikaru @MagnusCarlsen ).

@PHChess @FIDE_chess @advorkovich @vishy64theking @AndriyBar","@topfoder @lachesisq Should @GMWesleySo123 have been a wildcard in 2020 or 2022 candidates as 2019 WFRCC winner?

@FabianoCaruana was a wildcard in 2019 WFRCC as 2018 WCC runner-up (NOT by FRC virtue unlike @GMHikaru @MagnusCarlsen ).

@PHChess @FIDE_chess @advorkovich @vishy64theking @AndriyBar"
9,1445663,"@agadmator Should @GMWesleySo123 have been a wildcard in 2020 or 2022 candidates as 2019 WFRCC winner?

@FabianoCaruana was a wildcard in 2019 WFRCC as 2018 WCC runner-up (NOT by FRC virtue unlike @GMHikaru @MagnusCarlsen ).

@PHChess @FIDE_chess @advorkovich @vishy64theking @AndriyBar","@agadmator Should @GMWesleySo123 have been a wildcard in 2020 or 2022 candidates as 2019 WFRCC winner?

@FabianoCaruana was a wildcard in 2019 WFRCC as 2018 WCC runner-up (NOT by FRC virtue unlike @GMHikaru @MagnusCarlsen ).

@PHChess @FIDE_chess @advorkovich @vishy64theking @AndriyBar"
9,1523344,"@OnTheQueenside @MagnusCarlsen Should @GMWesleySo123 have been wildcard in 2020 or 2022 candidates as 2019 WFRCC winner?

@FabianoCaruana was wildcard in 2019 WFRCC as 2018 WCC runner-up (NOT by FRC unlike @GMHikaru @MagnusCarlsen).

@PHChess @FIDE_chess @advorkovich @vishy64theking @AndriyBar @EmilSutovsky","@OnTheQueenside @MagnusCarlsen Should @GMWesleySo123 have been wildcard in 2020 or 2022 candidates as 2019 WFRCC winner?

@FabianoCaruana was wildcard in 2019 WFRCC as 2018 WCC runner-up (NOT by FRC unlike @GMHikaru @MagnusCarlsen).

@PHChess @FIDE_chess @advorkovich @vishy64theking @AndriyBar @EmilSutovsky"
10,1425472,"Simple enough, white to play by Galitzky. #chess #NepoDing https://t.co/Kxdvp3wo4u","Simple enough, white to play by Galitzky. #chess #NepoDing https://t.co/Kxdvp3wo4u"
10,1426205,Very cute smothered mate by Jasik. White to play. #chess #NepoDing https://t.co/lrOytrlyUc,Very cute smothered mate by Jasik. White to play. #chess #NepoDing https://t.co/lrOytrlyUc
10,1356471,White to play and win. Stunning and hard by the genius of Mario Matous. #chess #NepoDing https://t.co/avvtWIzjap,White to play and win. Stunning and hard by the genius of Mario Matous. #chess #NepoDing https://t.co/avvtWIzjap
10,1416372,Knights! White to play and mate by Bondarenko and Kakovin. #chess #NepoDing https://t.co/pNMeUmPIQp,Knights! White to play and mate by Bondarenko and Kakovin. #chess #NepoDing https://t.co/pNMeUmPIQp
10,1376485,White to mate in 7 by Tkachnko. #chess #NepoDing https://t.co/P7Er1LKvZE,White to mate in 7 by Tkachnko. #chess #NepoDing https://t.co/P7Er1LKvZE
10,1367781,White to play and win by Seletsky. Tricky. #chess #NepoDing https://t.co/ScNCxw8wrX,White to play and win by Seletsky. Tricky. #chess #NepoDing https://t.co/ScNCxw8wrX
10,1346641,White to play and win by Balanovsky. Very tricky and only one way. #chess #NepoDing https://t.co/9rD7GEk1VX,White to play and win by Balanovsky. Very tricky and only one way. #chess #NepoDing https://t.co/9rD7GEk1VX
10,1402665,Very tricky but spectacular. White to play and draw by Kuznetsov. #chess #NepoDing https://t.co/gJIGB7MrwT,Very tricky but spectacular. White to play and draw by Kuznetsov. #chess #NepoDing https://t.co/gJIGB7MrwT
10,1348436,White to play and win by Horowitz. #chess #NepoDing https://t.co/wU3DFXAm0S,White to play and win by Horowitz. #chess #NepoDing https://t.co/wU3DFXAm0S
10,1362276,White to play. What result? #chess #NepoDing https://t.co/TxnivRdNyx,White to play. What result? #chess #NepoDing https://t.co/TxnivRdNyx
11,1444871,"@SheFartsNot @FIDE_chess Which is a better list of role model players?

Ding Liren's

1- Veselin Topalov
2- @Kasparov63
3- @MagnusCarlsen

list num2

1- Vladimir Kramnik
2- Bobby Fischer
3- @GMWesleySo123

?

#chess9LX #chess960 #9LX #saynoto2900 #fischerrandom #chessdrama

https://t.co/QmYcYlaFhK","@SheFartsNot @FIDE_chess Which is a better list of role model players?

Ding Liren's

1- Veselin Topalov
2- @Kasparov63
3- @MagnusCarlsen

list num2

1- Vladimir Kramnik
2- Bobby Fischer
3- @GMWesleySo123

?

#chess9LX #chess960 #9LX #saynoto2900 #fischerrandom #chessdrama

https://t.co/QmYcYlaFhK"
11,1444798,"@HoneyBeez0x @FIDE_chess What's your opinion of Ding Liren's stupid list of role model players?

1- Topalov BASELESSLY accused Kramnik
2- @Kasparov63 CHEATED @GMJuditPolgar
3- @MagnusCarlsen BASELESSLY accused @HansMokeNiemann &amp; CHEATED @AlirezaFirouzja @GmNaroditsky @lachesisq

https://t.co/QmYcYlaFhK","@HoneyBeez0x @FIDE_chess What's your opinion of Ding Liren's stupid list of role model players?

1- Topalov BASELESSLY accused Kramnik
2- @Kasparov63 CHEATED @GMJuditPolgar
3- @MagnusCarlsen BASELESSLY accused @HansMokeNiemann &amp; CHEATED @AlirezaFirouzja @GmNaroditsky @lachesisq

https://t.co/QmYcYlaFhK"
11,1409890,"@carl0sfer23 @SteinarLindblom @FIDE_chess Who has a better list of role model players?

Ding Liren:

1 - Veselin Topalov
2 - @Kasparov63
3 - @MagnusCarlsen

Me:

1 - Vladimir Kramnik
2 - Bobby Fischer
3 - @GMWesleySo123

?

#chess9LX #chess960 #9LX #saynoto2900 #fischerrandom #chessdrama

https://t.co/QmYcYlbd7i","@carl0sfer23 @SteinarLindblom @FIDE_chess Who has a better list of role model players?

Ding Liren:

1 - Veselin Topalov
2 - @Kasparov63
3 - @MagnusCarlsen

Me:

1 - Vladimir Kramnik
2 - Bobby Fischer
3 - @GMWesleySo123

?

#chess9LX #chess960 #9LX #saynoto2900 #fischerrandom #chessdrama

https://t.co/QmYcYlbd7i"
11,1370008,"@roshanparmar_23 @nikchess @FIDE_chess @ChessbaseIndia @GMHikaru Which list of role model players do you like better?

List A - baseless accusers / cheaters / WCCs
Veselin Topalov, @Kasparov63, @MagnusCarlsen

List B - base-ful accusers / honest people / WFRCCs
Vladimir Kramnik, Bobby Fischer, @GMWesleySo123

https://t.co/OsweLPYWa2","@roshanparmar_23 @nikchess @FIDE_chess @ChessbaseIndia @GMHikaru Which list of role model players do you like better?

List A - baseless accusers / cheaters / WCCs
Veselin Topalov, @Kasparov63, @MagnusCarlsen

List B - base-ful accusers / honest people / WFRCCs
Vladimir Kramnik, Bobby Fischer, @GMWesleySo123

https://t.co/OsweLPYWa2"
11,1444882,"@irene_sukandar @FIDE_chess Which is a better list of role model players?

Ding Liren's

1- Veselin Topalov
2- @Kasparov63
3- @MagnusCarlsen

list num2

1- Vladimir Kramnik
2- Bobby Fischer
3- @GMWesleySo123

?

#chess9LX #chess960 #9LX #saynoto2900 #fischerrandom #chessdrama

https://t.co/QmYcYlaFhK","@irene_sukandar @FIDE_chess Which is a better list of role model players?

Ding Liren's

1- Veselin Topalov
2- @Kasparov63
3- @MagnusCarlsen

list num2

1- Vladimir Kramnik
2- Bobby Fischer
3- @GMWesleySo123

?

#chess9LX #chess960 #9LX #saynoto2900 #fischerrandom #chessdrama

https://t.co/QmYcYlaFhK"
11,1538895,"@JediMDeeznut @CSQpod @FabianoCaruana @GMWesleySo123 @GMHikaru @MagnusCarlsen @PHChess @FIDE_chess @advorkovich @vishy64theking @AndriyBar @EmilSutovsky -bad guys: magnus, garry, FIDE, topalov, hikaru, liren, chess itself

-good guys: wesley so, bobby fischer, sergey karjakin, kramnik, hans, nepo, #chess960 itself

#chessdrama #saynoto2900 #fischerrandom #chess9LX #9LX

#GodBlessAmerica

https://t.co/QmYcYlbd7i","@JediMDeeznut @CSQpod @FabianoCaruana @GMWesleySo123 @GMHikaru @MagnusCarlsen @PHChess @FIDE_chess @advorkovich @vishy64theking @AndriyBar @EmilSutovsky -bad guys: magnus, garry, FIDE, topalov, hikaru, liren, chess itself

-good guys: wesley so, bobby fischer, sergey karjakin, kramnik, hans, nepo, #chess960 itself

#chessdrama #saynoto2900 #fischerrandom #chess9LX #9LX

#GodBlessAmerica

https://t.co/QmYcYlbd7i"
11,1369940,"@WiratWohli @FIDE_chess nation? LOL Which list of role model players do you like better?

List A - baseless accusers / cheaters / WCCs
Veselin Topalov, @Kasparov63, @MagnusCarlsen
List B - base-ful accusers / honest people / WFRCCs
Vladimir Kramnik, Bobby Fischer, @GMWesleySo123

https://t.co/OsweLPYWa2","@WiratWohli @FIDE_chess nation? LOL Which list of role model players do you like better?

List A - baseless accusers / cheaters / WCCs
Veselin Topalov, @Kasparov63, @MagnusCarlsen
List B - base-ful accusers / honest people / WFRCCs
Vladimir Kramnik, Bobby Fischer, @GMWesleySo123

https://t.co/OsweLPYWa2"
11,1444838,"@Sayan_64 @FIDE_chess Which is a better list of role model players?

Ding Liren's

1- Veselin Topalov
2- @Kasparov63
3- @MagnusCarlsen

list num2

1- Vladimir Kramnik
2- Bobby Fischer
3- @GMWesleySo123

?

#chess9LX #chess960 #9LX #saynoto2900 #fischerrandom #chessdrama

https://t.co/QmYcYlaFhK","@Sayan_64 @FIDE_chess Which is a better list of role model players?

Ding Liren's

1- Veselin Topalov
2- @Kasparov63
3- @MagnusCarlsen

list num2

1- Vladimir Kramnik
2- Bobby Fischer
3- @GMWesleySo123

?

#chess9LX #chess960 #9LX #saynoto2900 #fischerrandom #chessdrama

https://t.co/QmYcYlaFhK"
11,1409224,"@syxoed @FIDE_chess Who has a better list of role model players?

Ding Liren:

1 - Veselin Topalov
2 - @Kasparov63
3 - @MagnusCarlsen

Me:

1 - Vladimir Kramnik
2 - Bobby Fischer
3 - @GMWesleySo123

?

#chess9LX #chess960 #9LX #saynoto2900 #fischerrandom #chessdrama

https://t.co/QmYcYlbd7i","@syxoed @FIDE_chess Who has a better list of role model players?

Ding Liren:

1 - Veselin Topalov
2 - @Kasparov63
3 - @MagnusCarlsen

Me:

1 - Vladimir Kramnik
2 - Bobby Fischer
3 - @GMWesleySo123

?

#chess9LX #chess960 #9LX #saynoto2900 #fischerrandom #chessdrama

https://t.co/QmYcYlbd7i"
11,1369959,"@erpilarbis @FIDE_chess Which list of role model players do you like better?

List A - baseless accusers / cheaters / WCCs
Veselin Topalov, @Kasparov63, @MagnusCarlsen

List B - base-ful accusers / honest people / WFRCCs
Vladimir Kramnik, Bobby Fischer, @GMWesleySo123

https://t.co/OsweLPYWa2","@erpilarbis @FIDE_chess Which list of role model players do you like better?

List A - baseless accusers / cheaters / WCCs
Veselin Topalov, @Kasparov63, @MagnusCarlsen

List B - base-ful accusers / honest people / WFRCCs
Vladimir Kramnik, Bobby Fischer, @GMWesleySo123

https://t.co/OsweLPYWa2"
12,1534814,"@FIDE_chess Women WFRCC when? @FIDE_chess must renounce 2022 #fischerrandom WC as merely inaugural RAPID #chess960 WC!

Be fair to @GMWesleySo123, CLASSICAL @fischer_random WC!

https://t.co/VOdjpVIK1x

#chessdrama #saynoto2900 #chess9LX #9LX

#GodBlessAmerica

https://t.co/HHjoYI65XM","@FIDE_chess Women WFRCC when? @FIDE_chess must renounce 2022 #fischerrandom WC as merely inaugural RAPID #chess960 WC!

Be fair to @GMWesleySo123, CLASSICAL @fischer_random WC!

https://t.co/VOdjpVIK1x

#chessdrama #saynoto2900 #chess9LX #9LX

#GodBlessAmerica

https://t.co/HHjoYI65XM"
12,1534813,"@keti_chess @FIDE_chess Women WFRCC when? @FIDE_chess must renounce 2022 #fischerrandom WC as merely inaugural RAPID #chess960 WC!

Be fair to @GMWesleySo123, CLASSICAL @fischer_random WC!

https://t.co/VOdjpVIK1x

#chessdrama #saynoto2900 #chess9LX #9LX

#GodBlessAmerica

https://t.co/HHjoYI65XM","@keti_chess @FIDE_chess Women WFRCC when? @FIDE_chess must renounce 2022 #fischerrandom WC as merely inaugural RAPID #chess960 WC!

Be fair to @GMWesleySo123, CLASSICAL @fischer_random WC!

https://t.co/VOdjpVIK1x

#chessdrama #saynoto2900 #chess9LX #9LX

#GodBlessAmerica

https://t.co/HHjoYI65XM"
12,1497060,"@FIDE_chess Women WFRCC when? @FIDE_chess must renounce 2022 #fischerrandom WC as merely inaugural RAPID #chess960 WC!

Be fair to @GMWesleySo123, CLASSICAL @fischer_random WC!

https://t.co/VOdjpVIK1x

#chessdrama #saynoto2900 #chess9LX #9LX

#GodBlessAmerica

https://t.co/HHjoYI65XM","@FIDE_chess Women WFRCC when? @FIDE_chess must renounce 2022 #fischerrandom WC as merely inaugural RAPID #chess960 WC!

Be fair to @GMWesleySo123, CLASSICAL @fischer_random WC!

https://t.co/VOdjpVIK1x

#chessdrama #saynoto2900 #chess9LX #9LX

#GodBlessAmerica

https://t.co/HHjoYI65XM"
12,1498899,"@ChrisBirdIA @romain_edouard @GrandChessTour Women WFRCC when? @FIDE_chess must renounce 2022 #fischerrandom WC as merely inaugural RAPID #chess960 WC!

Be fair to @GMWesleySo123, CLASSICAL @fischer_random WC!

https://t.co/VOdjpVIK1x

#chessdrama #saynoto2900 #chess9LX #9LX

#GodBlessAmerica

https://t.co/HHjoYI65XM","@ChrisBirdIA @romain_edouard @GrandChessTour Women WFRCC when? @FIDE_chess must renounce 2022 #fischerrandom WC as merely inaugural RAPID #chess960 WC!

Be fair to @GMWesleySo123, CLASSICAL @fischer_random WC!

https://t.co/VOdjpVIK1x

#chessdrama #saynoto2900 #chess9LX #9LX

#GodBlessAmerica

https://t.co/HHjoYI65XM"
12,1478299,"@FIDE_chess Women WFRCC when? @FIDE_chess must renounce 2022 #fischerrandom WC as merely inaugural RAPID #chess960 WC!

Be fair to @GMWesleySo123, CLASSICAL @fischer_random WC!

https://t.co/VOdjpVIK1x

#chessdrama #saynoto2900 #chess9LX #9LX

#GodBlessAmerica

https://t.co/HHjoYI65XM","@FIDE_chess Women WFRCC when? @FIDE_chess must renounce 2022 #fischerrandom WC as merely inaugural RAPID #chess960 WC!

Be fair to @GMWesleySo123, CLASSICAL @fischer_random WC!

https://t.co/VOdjpVIK1x

#chessdrama #saynoto2900 #chess9LX #9LX

#GodBlessAmerica

https://t.co/HHjoYI65XM"
12,1498887,"@GrandChessTour Women WFRCC when? @FIDE_chess must renounce 2022 #fischerrandom WC as merely inaugural RAPID #chess960 WC!

Be fair to @GMWesleySo123, CLASSICAL @fischer_random WC!

https://t.co/VOdjpVIK1x

#chessdrama #saynoto2900 #chess9LX #9LX

#GodBlessAmerica

https://t.co/HHjoYI65XM","@GrandChessTour Women WFRCC when? @FIDE_chess must renounce 2022 #fischerrandom WC as merely inaugural RAPID #chess960 WC!

Be fair to @GMWesleySo123, CLASSICAL @fischer_random WC!

https://t.co/VOdjpVIK1x

#chessdrama #saynoto2900 #chess9LX #9LX

#GodBlessAmerica

https://t.co/HHjoYI65XM"
12,1478308,"@tepesigeman @FIDE_chess @SwedishChessFed Women WFRCC when? @FIDE_chess must renounce 2022 #fischerrandom WC as merely inaugural RAPID #chess960 WC!

Be fair to @GMWesleySo123, CLASSICAL @fischer_random WC!

https://t.co/VOdjpVIK1x

#chessdrama #saynoto2900 #chess9LX #9LX

#GodBlessAmerica

https://t.co/HHjoYI65XM","@tepesigeman @FIDE_chess @SwedishChessFed Women WFRCC when? @FIDE_chess must renounce 2022 #fischerrandom WC as merely inaugural RAPID #chess960 WC!

Be fair to @GMWesleySo123, CLASSICAL @fischer_random WC!

https://t.co/VOdjpVIK1x

#chessdrama #saynoto2900 #chess9LX #9LX

#GodBlessAmerica

https://t.co/HHjoYI65XM"
12,1334469,"@9McCoy72 @MagnusCarlsen @DanielRensch @chesscom Women's WFRCC when? @FIDE_chess must renounce the 2022 #fischerrandom WC as merely the inaugural RAPID #chess960 WC!

Be fair to @GMWesleySo123, the CLASSICAL @fischer_random WC!

https://t.co/VOdjpVIK1x

#chessdrama #saynoto2900 #chess9LX #9LX

https://t.co/HHjoYI65XM","@9McCoy72 @MagnusCarlsen @DanielRensch @chesscom Women's WFRCC when? @FIDE_chess must renounce the 2022 #fischerrandom WC as merely the inaugural RAPID #chess960 WC!

Be fair to @GMWesleySo123, the CLASSICAL @fischer_random WC!

https://t.co/VOdjpVIK1x

#chessdrama #saynoto2900 #chess9LX #9LX

https://t.co/HHjoYI65XM"
12,1533480,"@GrandChessTour Women WFRCC when? @FIDE_chess must renounce 2022 #fischerrandom WC as merely inaugural RAPID #chess960 WC!

Be fair to @GMWesleySo123, CLASSICAL @fischer_random WC!

https://t.co/VOdjpVIK1x

#chessdrama #saynoto2900 #chess9LX #9LX

#GodBlessAmerica

https://t.co/HHjoYI65XM","@GrandChessTour Women WFRCC when? @FIDE_chess must renounce 2022 #fischerrandom WC as merely inaugural RAPID #chess960 WC!

Be fair to @GMWesleySo123, CLASSICAL @fischer_random WC!

https://t.co/VOdjpVIK1x

#chessdrama #saynoto2900 #chess9LX #9LX

#GodBlessAmerica

https://t.co/HHjoYI65XM"
12,1366360,"â€”I mean, @jakeshieldsajjâ€” you never specified which kind of fightingâ€¦

Youâ€™re excluding an intellectual fight?â€”

Not surprised for an #MMA fighterâ€¦

Who are the BEST #Transgender #chess players in the world?
@FIDE_chess @SFLGBTCenter https://t.co/eexvcnBGFr","â€”I mean, @jakeshieldsajjâ€” you never specified which kind of fightingâ€¦

Youâ€™re excluding an intellectual fight?â€”

Not surprised for an #MMA fighterâ€¦

Who are the BEST #Transgender #chess players in the world?
@FIDE_chess @SFLGBTCenter https://t.co/eexvcnBGFr"
13,1534892,"@lachesisq @FabianoCaruana Must @FIDE_chess must renounce the 2022 #fischerrandom WC as merely the inaugural RAPID #chess960 WC to be fair to @GMWesleySo123, the CLASSICAL @fischer_random WC?

https://t.co/VOdjpVIK1x

#chessdrama #saynoto2900 #chess9LX #9LX

#GodBlessAmerica

https://t.co/HHjoYI65XM","@lachesisq @FabianoCaruana Must @FIDE_chess must renounce the 2022 #fischerrandom WC as merely the inaugural RAPID #chess960 WC to be fair to @GMWesleySo123, the CLASSICAL @fischer_random WC?

https://t.co/VOdjpVIK1x

#chessdrama #saynoto2900 #chess9LX #9LX

#GodBlessAmerica

https://t.co/HHjoYI65XM"
13,1522271,"@Greg12531646 @LawrenceTrentIM Must @FIDE_chess must renounce the 2022 #fischerrandom WC as merely the inaugural RAPID #chess960 WC to be fair to @GMWesleySo123, the CLASSICAL @fischer_random WC?

https://t.co/VOdjpVIcbZ

#chessdrama #saynoto2900 #chess9LX #9LX

#GodBlessAmerica

https://t.co/HHjoYI5y8e","@Greg12531646 @LawrenceTrentIM Must @FIDE_chess must renounce the 2022 #fischerrandom WC as merely the inaugural RAPID #chess960 WC to be fair to @GMWesleySo123, the CLASSICAL @fischer_random WC?

https://t.co/VOdjpVIcbZ

#chessdrama #saynoto2900 #chess9LX #9LX

#GodBlessAmerica

https://t.co/HHjoYI5y8e"
13,1419547,"@FIDE_chess Must @FIDE_chess must renounce the 2022 #fischerrandom WC as merely the inaugural RAPID #chess960 WC to be fair to @GMWesleySo123, the CLASSICAL @fischer_random WC?

https://t.co/VOdjpVIK1x

#chessdrama #saynoto2900 #chess9LX #9LX

https://t.co/HHjoYI65XM","@FIDE_chess Must @FIDE_chess must renounce the 2022 #fischerrandom WC as merely the inaugural RAPID #chess960 WC to be fair to @GMWesleySo123, the CLASSICAL @fischer_random WC?

https://t.co/VOdjpVIK1x

#chessdrama #saynoto2900 #chess9LX #9LX

https://t.co/HHjoYI65XM"
13,1474112,"@GMjtis Must @FIDE_chess must renounce the 2022 #fischerrandom WC as merely the inaugural RAPID #chess960 WC to be fair to @GMWesleySo123, the CLASSICAL @fischer_random WC?

https://t.co/VOdjpVIK1x

#chessdrama #saynoto2900 #chess9LX #9LX

#GodBlessAmerica

https://t.co/HHjoYI65XM","@GMjtis Must @FIDE_chess must renounce the 2022 #fischerrandom WC as merely the inaugural RAPID #chess960 WC to be fair to @GMWesleySo123, the CLASSICAL @fischer_random WC?

https://t.co/VOdjpVIK1x

#chessdrama #saynoto2900 #chess9LX #9LX

#GodBlessAmerica

https://t.co/HHjoYI65XM"
13,1517858,"@FabianoCaruana Must @FIDE_chess must renounce the 2022 #fischerrandom WC as merely the inaugural RAPID #chess960 WC to be fair to @GMWesleySo123, the CLASSICAL @fischer_random WC?

https://t.co/VOdjpVIK1x

#chessdrama #saynoto2900 #chess9LX #9LX

#GodBlessAmerica

https://t.co/HHjoYI65XM","@FabianoCaruana Must @FIDE_chess must renounce the 2022 #fischerrandom WC as merely the inaugural RAPID #chess960 WC to be fair to @GMWesleySo123, the CLASSICAL @fischer_random WC?

https://t.co/VOdjpVIK1x

#chessdrama #saynoto2900 #chess9LX #9LX

#GodBlessAmerica

https://t.co/HHjoYI65XM"
13,1519623,"@GrandChessTour Must @FIDE_chess must renounce the 2022 #fischerrandom WC as merely the inaugural RAPID #chess960 WC to be fair to @GMWesleySo123, the CLASSICAL @fischer_random WC?

https://t.co/VOdjpVIK1x

#chessdrama #saynoto2900 #chess9LX #9LX

#GodBlessAmerica

https://t.co/HHjoYI65XM","@GrandChessTour Must @FIDE_chess must renounce the 2022 #fischerrandom WC as merely the inaugural RAPID #chess960 WC to be fair to @GMWesleySo123, the CLASSICAL @fischer_random WC?

https://t.co/VOdjpVIK1x

#chessdrama #saynoto2900 #chess9LX #9LX

#GodBlessAmerica

https://t.co/HHjoYI65XM"
13,1442425,"@Peahuelle @Kasparov63 Must @FIDE_chess must renounce the 2022 #fischerrandom WC as merely the inaugural RAPID #chess960 WC to be fair to @GMWesleySo123, the CLASSICAL @fischer_random WC?

https://t.co/VOdjpVIK1x

#chessdrama #saynoto2900 #chess9LX #9LX

https://t.co/HHjoYI65XM","@Peahuelle @Kasparov63 Must @FIDE_chess must renounce the 2022 #fischerrandom WC as merely the inaugural RAPID #chess960 WC to be fair to @GMWesleySo123, the CLASSICAL @fischer_random WC?

https://t.co/VOdjpVIK1x

#chessdrama #saynoto2900 #chess9LX #9LX

https://t.co/HHjoYI65XM"
13,1436590,"@HaraldurBender @agadmator @MagnusCarlsen Must @FIDE_chess must renounce the 2022 #fischerrandom WC as merely the inaugural RAPID #chess960 WC to be fair to @GMWesleySo123, the CLASSICAL @fischer_random WC?

https://t.co/VOdjpVIK1x

#chessdrama #saynoto2900 #chess9LX #9LX

https://t.co/HHjoYI65XM","@HaraldurBender @agadmator @MagnusCarlsen Must @FIDE_chess must renounce the 2022 #fischerrandom WC as merely the inaugural RAPID #chess960 WC to be fair to @GMWesleySo123, the CLASSICAL @fischer_random WC?

https://t.co/VOdjpVIK1x

#chessdrama #saynoto2900 #chess9LX #9LX

https://t.co/HHjoYI65XM"
13,1474578,"@NinoBustamante3 @GMJacobAagaard Must @FIDE_chess must renounce the 2022 #fischerrandom WC as merely the inaugural RAPID #chess960 WC to be fair to @GMWesleySo123, the CLASSICAL @fischer_random WC?

https://t.co/VOdjpVIK1x

#chessdrama #saynoto2900 #chess9LX #9LX

#GodBlessAmerica

https://t.co/HHjoYI65XM","@NinoBustamante3 @GMJacobAagaard Must @FIDE_chess must renounce the 2022 #fischerrandom WC as merely the inaugural RAPID #chess960 WC to be fair to @GMWesleySo123, the CLASSICAL @fischer_random WC?

https://t.co/VOdjpVIK1x

#chessdrama #saynoto2900 #chess9LX #9LX

#GodBlessAmerica

https://t.co/HHjoYI65XM"
13,1448974,"@9McCoy72 @FIDE_chess Must @FIDE_chess must renounce the 2022 #fischerrandom WC as merely the inaugural RAPID #chess960 WC to be fair to @GMWesleySo123, the CLASSICAL @fischer_random WC?

https://t.co/VOdjpVIK1x

#chessdrama #saynoto2900 #chess9LX #9LX

https://t.co/HHjoYI65XM","@9McCoy72 @FIDE_chess Must @FIDE_chess must renounce the 2022 #fischerrandom WC as merely the inaugural RAPID #chess960 WC to be fair to @GMWesleySo123, the CLASSICAL @fischer_random WC?

https://t.co/VOdjpVIK1x

#chessdrama #saynoto2900 #chess9LX #9LX

https://t.co/HHjoYI65XM"
14,1519669,"@GrandChessTour Why didn't @FIDE_chess let @GMWesleySo123 defend #fischerrandom in classical after e beat TALENTLESS @MagnusCarlsen 3x since 60min is classical not rapid? What's 'slow rapid' anyway?
#chessdrama #saynoto2900 #chess960 #chess9LX #9LX
#GodBlessAmerica
https://t.co/HHjoYI65XM","@GrandChessTour Why didn't @FIDE_chess let @GMWesleySo123 defend #fischerrandom in classical after e beat TALENTLESS @MagnusCarlsen 3x since 60min is classical not rapid? What's 'slow rapid' anyway?
#chessdrama #saynoto2900 #chess960 #chess9LX #9LX
#GodBlessAmerica
https://t.co/HHjoYI65XM"
14,1502853,"@GrandChessTour @CristianChirila Why didn't @FIDE_chess let @GMWesleySo123 defend #fischerrandom in classical after e beat TALENTLESS @MagnusCarlsen 3x since 60min is classical not rapid? What's 'slow rapid' anyway?
#chessdrama #saynoto2900 #chess960 #chess9LX #9LX
#GodBlessAmerica
https://t.co/HHjoYI65XM","@GrandChessTour @CristianChirila Why didn't @FIDE_chess let @GMWesleySo123 defend #fischerrandom in classical after e beat TALENTLESS @MagnusCarlsen 3x since 60min is classical not rapid? What's 'slow rapid' anyway?
#chessdrama #saynoto2900 #chess960 #chess9LX #9LX
#GodBlessAmerica
https://t.co/HHjoYI65XM"
14,1522268,"@LawrenceTrentIM Why didn't @FIDE_chess let @GMWesleySo123 defend #fischerrandom in classical after e beat TALENTLESS @MagnusCarlsen 3x since 60min is classical not rapid? What's 'slow rapid' anyway?
#chessdrama #saynoto2900 #chess960 #chess9LX #9LX
#GodBlessAmerica
https://t.co/HHjoYI5y8e","@LawrenceTrentIM Why didn't @FIDE_chess let @GMWesleySo123 defend #fischerrandom in classical after e beat TALENTLESS @MagnusCarlsen 3x since 60min is classical not rapid? What's 'slow rapid' anyway?
#chessdrama #saynoto2900 #chess960 #chess9LX #9LX
#GodBlessAmerica
https://t.co/HHjoYI5y8e"
14,1445665,"@agadmator Why didn't @FIDE_chess let @GMWesleySo123 defend #fischerrandom in classical after e beat TALENTLESS @MagnusCarlsen 3x in a row since 60min is classical not rapid? What's 'slow rapid' anyway?

#chessdrama #saynoto2900 #chess960 #chess9LX #9LX

https://t.co/HHjoYI65XM","@agadmator Why didn't @FIDE_chess let @GMWesleySo123 defend #fischerrandom in classical after e beat TALENTLESS @MagnusCarlsen 3x in a row since 60min is classical not rapid? What's 'slow rapid' anyway?

#chessdrama #saynoto2900 #chess960 #chess9LX #9LX

https://t.co/HHjoYI65XM"
14,1534891,"@lachesisq @FabianoCaruana Why didn't @FIDE_chess let @GMWesleySo123 defend #fischerrandom in classical after e beat TALENTLESS @MagnusCarlsen 3x since 60min is classical not rapid? What's 'slow rapid' anyway?
#chessdrama #saynoto2900 #chess960 #chess9LX #9LX
#GodBlessAmerica
https://t.co/HHjoYI65XM","@lachesisq @FabianoCaruana Why didn't @FIDE_chess let @GMWesleySo123 defend #fischerrandom in classical after e beat TALENTLESS @MagnusCarlsen 3x since 60min is classical not rapid? What's 'slow rapid' anyway?
#chessdrama #saynoto2900 #chess960 #chess9LX #9LX
#GodBlessAmerica
https://t.co/HHjoYI65XM"
14,1467899,"@9McCoy72 @chesscom @GMHikaru @MagnusCarlsen Why didn't @FIDE_chess let @GMWesleySo123 defend #fischerrandom in classical after e beat TALENTLESS @MagnusCarlsen 3x since 60min is classical not rapid? What's 'slow rapid' anyway?
#chessdrama #saynoto2900 #chess960 #chess9LX #9LX
#GodBlessAmerica
https://t.co/HHjoYI5y8e","@9McCoy72 @chesscom @GMHikaru @MagnusCarlsen Why didn't @FIDE_chess let @GMWesleySo123 defend #fischerrandom in classical after e beat TALENTLESS @MagnusCarlsen 3x since 60min is classical not rapid? What's 'slow rapid' anyway?
#chessdrama #saynoto2900 #chess960 #chess9LX #9LX
#GodBlessAmerica
https://t.co/HHjoYI5y8e"
14,1534766,"@GrandChessTour Why didn't @FIDE_chess let @GMWesleySo123 defend #fischerrandom in classical after e beat TALENTLESS @MagnusCarlsen 3x since 60min is classical not rapid? What's 'slow rapid' anyway?
#chessdrama #saynoto2900 #chess960 #chess9LX #9LX
#GodBlessAmerica
https://t.co/HHjoYI65XM","@GrandChessTour Why didn't @FIDE_chess let @GMWesleySo123 defend #fischerrandom in classical after e beat TALENTLESS @MagnusCarlsen 3x since 60min is classical not rapid? What's 'slow rapid' anyway?
#chessdrama #saynoto2900 #chess960 #chess9LX #9LX
#GodBlessAmerica
https://t.co/HHjoYI65XM"
14,1419655,"@lichess @FIDE_chess @lachesisq Why didn't @GMWesleySo123 defend WFRCC in classical after beating TALENTLESS @MagnusCarlsen 3x in classical since 45+15=60 is classical not rapid?

What the Hell is slow rapid anyway?

#chessdrama #saynoto2900 #fischerrandom #chess960 #chess9LX #9LX

https://t.co/HHjoYI65XM","@lichess @FIDE_chess @lachesisq Why didn't @GMWesleySo123 defend WFRCC in classical after beating TALENTLESS @MagnusCarlsen 3x in classical since 45+15=60 is classical not rapid?

What the Hell is slow rapid anyway?

#chessdrama #saynoto2900 #fischerrandom #chess960 #chess9LX #9LX

https://t.co/HHjoYI65XM"
14,1473922,"@GMJacobAagaard Why didn't @FIDE_chess let @GMWesleySo123 defend #fischerrandom in classical after e beat TALENTLESS @MagnusCarlsen 3x since 60min is classical not rapid? What's 'slow rapid' anyway?
#chessdrama #saynoto2900 #chess960 #chess9LX #9LX
#GodBlessAmerica
https://t.co/HHjoYI65XM","@GMJacobAagaard Why didn't @FIDE_chess let @GMWesleySo123 defend #fischerrandom in classical after e beat TALENTLESS @MagnusCarlsen 3x since 60min is classical not rapid? What's 'slow rapid' anyway?
#chessdrama #saynoto2900 #chess960 #chess9LX #9LX
#GodBlessAmerica
https://t.co/HHjoYI65XM"
14,1489220,"@Justice4Hans Why didn't @FIDE_chess let @GMWesleySo123 defend #fischerrandom in classical after e beat TALENTLESS @MagnusCarlsen 3x since 60min is classical not rapid? What's 'slow rapid' anyway?
#chessdrama #saynoto2900 #chess960 #chess9LX #9LX
#GodBlessAmerica
https://t.co/HHjoYI65XM","@Justice4Hans Why didn't @FIDE_chess let @GMWesleySo123 defend #fischerrandom in classical after e beat TALENTLESS @MagnusCarlsen 3x since 60min is classical not rapid? What's 'slow rapid' anyway?
#chessdrama #saynoto2900 #chess960 #chess9LX #9LX
#GodBlessAmerica
https://t.co/HHjoYI65XM"
15,1338244,"@Robert_C_E @FIDE_chess @davidllada @Jesse_Feb blocked me. May you please tweet @FIDE_chess to ask Liren &amp; @lachesisq my questions?

https://t.co/WVwOLOfBz6","@Robert_C_E @FIDE_chess @davidllada @Jesse_Feb blocked me. May you please tweet @FIDE_chess to ask Liren &amp; @lachesisq my questions?

https://t.co/WVwOLOfBz6"
15,1338247,"@dominofan1 @FIDE_chess @davidllada @Jesse_Feb blocked me. May you please tweet @FIDE_chess to ask Liren &amp; @lachesisq my questions?

https://t.co/WVwOLOfBz6","@dominofan1 @FIDE_chess @davidllada @Jesse_Feb blocked me. May you please tweet @FIDE_chess to ask Liren &amp; @lachesisq my questions?

https://t.co/WVwOLOfBz6"
15,1331919,"@agadmator @Jesse_Feb blocked me. May you please tweet @FIDE_chess to ask Liren &amp; @lachesisq my questions if you don't have any to ask?

https://t.co/WVwOLOfBz6","@agadmator @Jesse_Feb blocked me. May you please tweet @FIDE_chess to ask Liren &amp; @lachesisq my questions if you don't have any to ask?

https://t.co/WVwOLOfBz6"
15,1331946,"@blackatlantic @Jesse_Feb @OpenChessMenorc @chessable Geert: @Jesse_Feb blocked me. May you please tweet @FIDE_chess to ask Liren &amp; @lachesisq my questions if you don't have any to ask?

https://t.co/WVwOLOfBz6","@blackatlantic @Jesse_Feb @OpenChessMenorc @chessable Geert: @Jesse_Feb blocked me. May you please tweet @FIDE_chess to ask Liren &amp; @lachesisq my questions if you don't have any to ask?

https://t.co/WVwOLOfBz6"
15,1331944,"@EmilSutovsky @Jesse_Feb blocked me. May you please tweet @FIDE_chess to ask Liren &amp; @lachesisq my questions if you don't have any to ask?

https://t.co/WVwOLOfBz6","@EmilSutovsky @Jesse_Feb blocked me. May you please tweet @FIDE_chess to ask Liren &amp; @lachesisq my questions if you don't have any to ask?

https://t.co/WVwOLOfBz6"
15,1332005,"@alantovs @FIDE_chess @Jesse_Feb blocked me. May you please tweet @FIDE_chess to ask Liren &amp; @lachesisq my questions if you don't have any to ask?

https://t.co/WVwOLOfBz6","@alantovs @FIDE_chess @Jesse_Feb blocked me. May you please tweet @FIDE_chess to ask Liren &amp; @lachesisq my questions if you don't have any to ask?

https://t.co/WVwOLOfBz6"
15,1331860,"@Michael52164548 @FIDE_chess @Jesse_Feb blocked me. May you please tweet @FIDE_chess to ask Liren &amp; @lachesisq my questions if you don't have any to ask?

https://t.co/WVwOLOfBz6","@Michael52164548 @FIDE_chess @Jesse_Feb blocked me. May you please tweet @FIDE_chess to ask Liren &amp; @lachesisq my questions if you don't have any to ask?

https://t.co/WVwOLOfBz6"
15,1331883,"@FIDE_chess @DanaReiznieceOz @Jesse_Feb blocked me. May you please tweet @FIDE_chess to ask Liren &amp; @lachesisq my questions if you don't have any to ask?

https://t.co/WVwOLOfBz6","@FIDE_chess @DanaReiznieceOz @Jesse_Feb blocked me. May you please tweet @FIDE_chess to ask Liren &amp; @lachesisq my questions if you don't have any to ask?

https://t.co/WVwOLOfBz6"
15,1332006,"@IF_ECHO00 @FIDE_chess @Jesse_Feb blocked me. May you please tweet @FIDE_chess to ask Liren &amp; @lachesisq my questions if you don't have any to ask?

https://t.co/WVwOLOfBz6","@IF_ECHO00 @FIDE_chess @Jesse_Feb blocked me. May you please tweet @FIDE_chess to ask Liren &amp; @lachesisq my questions if you don't have any to ask?

https://t.co/WVwOLOfBz6"
15,1338257,"@Ognifedefingo @FIDE_chess @davidllada @Jesse_Feb blocked me. May you please tweet @FIDE_chess to ask Liren &amp; @lachesisq my questions?

https://t.co/WVwOLOfBz6 https://t.co/upf7AFbk4d","@Ognifedefingo @FIDE_chess @davidllada @Jesse_Feb blocked me. May you please tweet @FIDE_chess to ask Liren &amp; @lachesisq my questions?

https://t.co/WVwOLOfBz6 https://t.co/upf7AFbk4d"
