id,emoji,description,ocurrences
4,ğŸ“·,camera,1
6,ğŸ˜Š,smiling face with smiling eyes,1
7,ğŸ¤©,star-struck,1
10,ğŸ‘,thumbs up,1
20,ğŸ˜,squinting face with tongue,1
26,ğŸ¤£,rolling on the floor laughing,1
52,ğŸ˜€,grinning face,1
60,ğŸ˜,smiling face with sunglasses,1
63,ğŸ‘‰,backhand index pointing right,1
63,ğŸ‘ˆ,backhand index pointing left,1
70,ğŸ™‚,slightly smiling face,1
78,ğŸ“¸,camera with flash,1
78,ğŸ‘‰,backhand index pointing right,1
85,ğŸ™ï¸,studio microphone,1
87,ğŸ“¸,camera with flash,1
87,âœï¸,writing hand,1
100,ğŸ‡µğŸ‡±,flag: Poland,1
100,ğŸ‘,clapping hands,1
101,ğŸ“·,camera,1
104,ğŸ”¥,fire,2
112,ğŸš¨,police car light,1
117,ğŸ”¥,fire,1
119,ğŸ»,clinking beer mugs,1
130,ğŸ˜Š,smiling face with smiling eyes,1
135,ğŸ“¸,camera with flash,1
135,âœï¸,writing hand,1
136,ğŸ˜,smiling face with sunglasses,1
139,ğŸ˜‰,winking face,1
139,ğŸ‘,clapping hands,1
140,ğŸŸï¸,admission tickets,1
142,â™Ÿï¸,chess pawn,1
142,ğŸ†,trophy,1
145,ğŸ‘Œ,OK hand,1
145,ğŸ˜Š,smiling face with smiling eyes,1
148,ğŸ§ ,brain,1
148,â™Ÿï¸,chess pawn,1
160,ğŸ”¥,fire,1
189,ğŸ†,fireworks,3
189,ğŸ‡,sparkler,3
192,ğŸ‘‘,crown,1
201,ğŸ˜‚,face with tears of joy,1
204,â™Ÿï¸,chess pawn,1
209,ğŸ“¸,camera with flash,1
209,ğŸ˜€,grinning face,1
209,ğŸ‡°ğŸ‡¿,flag: Kazakhstan,1
209,ğŸ¥‡,1st place medal,1
216,ğŸ“·,camera,1
218,ğŸ“·,camera,1
223,ğŸ“·,camera,1
234,â™Ÿï¸,chess pawn,1
235,ğŸ‘Œ,OK hand,1
237,â™Ÿï¸,chess pawn,1
239,ğŸ‘‡,backhand index pointing down,1
241,ğŸ™‚,slightly smiling face,1
252,ğŸ¦¾,mechanical arm,1
254,ğŸ“·,camera,1
268,â™Ÿï¸,chess pawn,1
268,â—»ï¸,white medium square,1
271,ğŸ˜…,grinning face with sweat,1
273,ğŸ˜‚,face with tears of joy,1
273,ğŸ˜…,grinning face with sweat,1
274,ğŸ¤©,star-struck,3
280,ğŸ˜š,kissing face with closed eyes,2
288,ğŸ“¸,camera with flash,1
288,âœï¸,writing hand,1
289,ğŸ˜‚,face with tears of joy,1
293,ğŸ’•,two hearts,1
297,ğŸ¤¯,exploding head,1
301,ğŸ˜³,flushed face,1
302,ğŸ“·,camera,1
305,ğŸ”¥,fire,1
308,ğŸ˜†,grinning squinting face,1
315,ğŸ§‚,salt,1
315,ğŸ˜‚,face with tears of joy,1
320,ğŸ”¥,fire,1
320,ğŸ˜‚,face with tears of joy,1
329,ğŸ˜Œ,relieved face,1
332,ğŸ˜‚,face with tears of joy,1
343,ğŸ™ŒğŸ¾,raising hands: medium-dark skin tone,1
343,â™¥ï¸,heart suit,1
348,â™Ÿï¸,chess pawn,1
348,ğŸ†,trophy,1
348,â¡ï¸,right arrow,1
350,ğŸ—£,speaking head,1
350,â™Ÿ,chess pawn,1
350,ğŸ¦Œ,deer,1
357,ğŸ˜‚,face with tears of joy,1
361,ğŸ‡¬ğŸ‡­,flag: Ghana,1
362,ğŸ™ï¸,studio microphone,1
362,â™Ÿï¸,chess pawn,1
362,ğŸ“º,television,1
365,ğŸ“·,camera,1
370,â™Ÿï¸,chess pawn,1
370,ğŸ”¥,fire,1
372,ğŸ‘‰,backhand index pointing right,1
372,ğŸ“·,camera,1
374,ğŸ˜±,face screaming in fear,1
374,ğŸ˜‚,face with tears of joy,1
377,ğŸ˜Š,smiling face with smiling eyes,1
377,ğŸ”¥,fire,1
386,ğŸ˜®,face with open mouth,1
397,â™Ÿ,chess pawn,1
420,ğŸ”¥,fire,1
427,ğŸ‘‰,backhand index pointing right,1
429,ğŸ“¸,camera with flash,1
437,ğŸ”¥,fire,1
449,ğŸ“¸,camera with flash,1
449,ğŸ‘‰,backhand index pointing right,1
469,ğŸ“·,camera,1
470,â™¥ï¸,heart suit,1
478,â™Ÿ,chess pawn,1
478,â¤ï¸,red heart,1
490,ğŸ‘,thumbs up,1
490,â™Ÿï¸,chess pawn,1
490,ğŸ™,folded hands,1
490,ğŸ‘,clapping hands,1
490,ğŸ‡¿ğŸ‡²,flag: Zambia,1
492,ğŸš,minibus,1
495,ğŸ˜¬,grimacing face,1
496,ğŸ˜,smiling face with sunglasses,1
501,ğŸ¤­,face with hand over mouth,3
504,ğŸ“·,camera,1
505,ğŸ“·,camera,1
508,ğŸ˜‚,face with tears of joy,1
509,ğŸ¤“,nerd face,2
509,ğŸ˜±,face screaming in fear,2
509,ğŸ˜³,flushed face,2
511,ğŸ‘,clapping hands,1
517,ğŸ“·,camera,1
518,ğŸ˜³,flushed face,1
528,ğŸ‘‡,backhand index pointing down,1
538,ğŸ”¥,fire,1
540,ğŸ‡®ğŸ‡³,flag: India,2
546,ğŸ˜,beaming face with smiling eyes,1
548,â—¾,black medium-small square,1
548,â—½,white medium-small square,1
550,ğŸ“·,camera,1
555,ğŸ˜³,flushed face,1
560,ğŸ“·,camera,1
577,ğŸ”¥,fire,3
587,ğŸ˜±,face screaming in fear,1
605,ğŸ‘‡,backhand index pointing down,1
606,ğŸ‡·ğŸ‡º,flag: Russia,1
606,ğŸ‡¨ğŸ‡³,flag: China,1
617,ğŸ“º,television,1
621,ğŸ˜ƒ,grinning face with big eyes,1
623,ğŸ˜‰,winking face,1
623,â™Ÿï¸,chess pawn,1
626,ğŸ¤¦ğŸ»â€â™‚ï¸,man facepalming: light skin tone,1
628,ğŸ™ŒğŸ¾,raising hands: medium-dark skin tone,1
630,â–¶ï¸,play button,1
633,â¤µï¸,right arrow curving down,2
638,ğŸ™ŒğŸ¼,raising hands: medium-light skin tone,1
643,ğŸ˜‚,face with tears of joy,2
647,ğŸ˜€,grinning face,1
664,ğŸ‘Œ,OK hand,1
664,ğŸ‘,clapping hands,1
664,ğŸ“·,camera,1
666,ğŸ“¸,camera with flash,1
667,ğŸ”¥,fire,1
680,ğŸš¨,police car light,1
680,ğŸ”¥,fire,1
690,ğŸš¨,police car light,1
691,â™Ÿï¸,chess pawn,1
700,â™Ÿï¸,chess pawn,1
700,ğŸ’¯,hundred points,2
706,ğŸ˜,smiling face with sunglasses,1
708,â¤ï¸,red heart,1
709,ğŸ“·,camera,1
711,ğŸ†,trophy,1
717,ğŸ˜,smiling face with sunglasses,1
722,ğŸ“·,camera,3
723,ğŸ™ƒ,upside-down face,1
724,ğŸ’¥,collision,2
728,ğŸ˜‚,face with tears of joy,1
728,ğŸ˜…,grinning face with sweat,1
730,ğŸš¨,police car light,1
736,ğŸ“¸,camera with flash,1
736,ğŸ‘‰,backhand index pointing right,1
745,ğŸ¤¦â€â™€ï¸,woman facepalming,1
746,ğŸš¨,police car light,1
749,ğŸ“·,camera,1
750,ğŸ˜¬,grimacing face,1
750,ğŸ‰,watermelon,1
751,ğŸ™,folded hands,1
759,ğŸ¤™ğŸ¼,call me hand: medium-light skin tone,1
759,â™Ÿï¸,chess pawn,1
759,ğŸ¤©,star-struck,1
766,ğŸ”¥,fire,1
767,ğŸ˜‚,face with tears of joy,1
768,â™Ÿï¸,chess pawn,1
778,ğŸ˜,smiling face with sunglasses,1
778,â†–,up-left arrow,1
778,ğŸ‘‡,backhand index pointing down,2
778,ğŸ‘•,t-shirt,1
778,ğŸ‘–,jeans,1
788,ğŸ¤“,nerd face,1
788,â™Ÿï¸,chess pawn,1
788,ğŸ‘‘,crown,1
797,ğŸ‘€,eyes,1
802,ğŸ‘‰,backhand index pointing right,1
802,ğŸ“·,camera,1
804,â˜ºï¸,smiling face,1
820,ğŸ†,trophy,1
826,ğŸ™Œ,raising hands,1
832,ğŸ“·,camera,1
838,ğŸ”¥,fire,1
840,ğŸ“·,camera,1
841,ğŸ˜‡,smiling face with halo,1
862,ğŸ˜¨,fearful face,1
863,â™Ÿ,chess pawn,1
863,ğŸ“·,camera,1
879,ğŸ˜‚,face with tears of joy,1
881,â™Ÿï¸,chess pawn,1
881,ğŸ¨,hotel,1
886,ğŸ‡²ğŸ‡½,flag: Mexico,1
886,ğŸ¤,white heart,1
886,ğŸ–¤,black heart,1
886,â¤ï¸,red heart,1
891,ğŸ˜,smiling face with heart-eyes,3
903,ğŸ¶,musical notes,1
903,â™Ÿï¸,chess pawn,1
908,ğŸ˜®,face with open mouth,1
909,ğŸ’€,skull,1
911,ğŸ˜…,grinning face with sweat,1
912,ğŸ“¸,camera with flash,1
912,ğŸ‘‰,backhand index pointing right,1
913,ğŸ‰,party popper,1
913,â™Ÿï¸,chess pawn,1
913,ğŸ˜±,face screaming in fear,1
915,ğŸ˜‚,face with tears of joy,2
920,ğŸ˜œ,winking face with tongue,1
929,â™Ÿ,chess pawn,1
931,â€¼ï¸,double exclamation mark,2
932,ğŸ‘‰,backhand index pointing right,1
932,ğŸ“·,camera,1
934,ğŸ™ï¸,studio microphone,1
934,âš¡,high voltage,1
935,ğŸ•µï¸â€â™‚ï¸,man detective,1
943,ğŸ‡¨ğŸ‡³,flag: China,1
943,ğŸ’™,blue heart,1
947,ğŸ˜,beaming face with smiling eyes,1
956,ğŸ‘Œ,OK hand,1
957,ğŸ“·,camera,1
958,ğŸ¦†,duck,3
964,ğŸ“·,camera,1
968,ğŸ˜„,grinning face with smiling eyes,1
968,ğŸ”ª,kitchen knife,1
970,ğŸ´,black flag,1
970,âœï¸,writing hand,1
978,ğŸ”´,red circle,1
980,ğŸ˜€,grinning face,1
981,â™Ÿï¸,chess pawn,1
982,ğŸ‰,party popper,1
982,ğŸ†,trophy,1
982,ğŸ‘‘,crown,1
991,ğŸ“·,camera,1
994,ğŸ‘,clapping hands,1
1002,ğŸ‘€,eyes,1
1005,ğŸ“·,camera,1
1014,ğŸ¤®,face vomiting,1
1017,â™Ÿï¸,chess pawn,1
1026,ğŸ“·,camera,1
1032,â¤ï¸,red heart,1
1039,ğŸ’¼,briefcase,1
1039,âœ…,check mark button,3
1040,ğŸ‡ºğŸ‡¸,flag: United States,1
1049,ğŸš¨,police car light,3
1051,ğŸ“·,camera,1
1055,ğŸ§,face with monocle,1
1056,ğŸ‘,clapping hands,2
1060,âš¡,high voltage,1
1064,ğŸ‘‰,backhand index pointing right,1
1064,ğŸ”¥,fire,1
1070,ğŸ¤¯,exploding head,1
1076,ğŸ§©,puzzle piece,1
1079,ğŸ¤”,thinking face,1
1085,ğŸ”¥,fire,1
1088,ğŸ¥°,smiling face with hearts,1
1088,â™Ÿï¸,chess pawn,1
1088,â­,star,2
1088,ğŸ¤”,thinking face,1
1093,ğŸ‘‰,backhand index pointing right,1
1093,ğŸ“·,camera,1
1099,ğŸ˜©,weary face,1
1099,ğŸ˜°,anxious face with sweat,1
1099,ğŸ˜¥,sad but relieved face,1
1099,ğŸ˜¡,pouting face,1
1099,ğŸ˜ ,angry face,1
1099,â˜¹ï¸,frowning face,1
1100,ğŸ’¢,anger symbol,1
1108,ğŸ¤¯,exploding head,1
1109,ğŸ¤,handshake,1
1110,ğŸ˜¡,pouting face,1
1110,ğŸ”¥,fire,1
1121,ğŸ˜,smiling face with sunglasses,1
1123,ğŸ˜,smiling face with sunglasses,1
1138,â¬‡ï¸,down arrow,1
1142,ğŸ™ƒ,upside-down face,1
1152,ğŸ˜„,grinning face with smiling eyes,1
1152,ğŸ’–,sparkling heart,1
1153,ğŸ˜,neutral face,1
1169,â™Ÿï¸,chess pawn,1
1181,ğŸ“·,camera,1
1188,ğŸ“·,camera,1
1198,ğŸ˜,smiling face with sunglasses,1
1199,ğŸ˜‚,face with tears of joy,1
1207,ğŸ“·,camera,1
1212,ğŸ¤”,thinking face,1
1212,ğŸ˜‚,face with tears of joy,1
1220,ğŸ˜…,grinning face with sweat,1
1221,ğŸ‘‡,backhand index pointing down,1
1222,ğŸ™ï¸,studio microphone,1
1222,ğŸš¨,police car light,1
1227,ğŸ’¢,anger symbol,1
1233,ğŸ‘‰,backhand index pointing right,1
1233,ğŸ“·,camera,1
1234,ğŸ‘‰,backhand index pointing right,1
1234,ğŸ“·,camera,1
1242,ğŸ‡ºğŸ‡¸,flag: United States,1
1247,ğŸ˜…,grinning face with sweat,1
1250,â™Ÿï¸,chess pawn,1
1250,ğŸ‰,party popper,1
1250,ğŸ¥³,partying face,1
1250,ğŸ‘,clapping hands,1
1250,ğŸ†,trophy,1
1251,ğŸ’¯,hundred points,1
1258,ğŸ¥‚,clinking glasses,1
1258,â¤,red heart,1
1273,ğŸ‡·ğŸ‡º,flag: Russia,1
1273,ğŸ‡¨ğŸ‡³,flag: China,1
1275,ğŸš€,rocket,1
1275,ğŸ¤©,star-struck,1
1278,ğŸ˜‚,face with tears of joy,3
1281,ğŸ’¦,sweat droplets,1
1281,ğŸ•,dog,1
1281,ğŸ¤­,face with hand over mouth,1
1281,ğŸ¤£,rolling on the floor laughing,1
1285,ğŸ˜”,pensive face,1
1286,ğŸ™Œ,raising hands,2
1288,ğŸ“·,camera,1
1288,ğŸ˜,smiling face with heart-eyes,1
1289,ğŸ“·,camera,1
1291,ğŸ´,horse face,1
1291,ğŸ‘‰,backhand index pointing right,1
1292,ğŸ§ ,brain,1
1292,â™Ÿï¸,chess pawn,2
1303,ğŸ˜€,grinning face,1
1306,ğŸ˜¬,grimacing face,1
1316,ğŸ”¥,fire,1
1324,â™Ÿï¸,chess pawn,1
1324,ğŸ™Œ,raising hands,1
1324,â­,star,1
1324,ğŸ”¥,fire,1
1331,â¤ï¸,red heart,1
1335,ğŸ“¸,camera with flash,1
1335,ğŸ˜®,face with open mouth,1
1338,ğŸ‘,clapping hands,1
1338,ğŸŠ,confetti ball,1
1338,ğŸ’,bouquet,1
1340,ğŸ’ªğŸ»,flexed biceps: light skin tone,1
1342,ğŸŒ,globe showing Americas,1
1355,ğŸ˜,beaming face with smiling eyes,2
1358,ğŸ“·,camera,1
1360,ğŸ”«,water pistol,1
1371,ğŸ‡¨ğŸ‡³,flag: China,1
1371,â™Ÿï¸,chess pawn,1
1374,ğŸ†,trophy,1
1374,ğŸ’™,blue heart,1
1377,ğŸ¥³,partying face,1
1377,ğŸ’ƒğŸ¼,woman dancing: medium-light skin tone,2
1377,ğŸ˜‚,face with tears of joy,2
1395,ğŸ¤©,star-struck,1
1396,â™¥ï¸,heart suit,1
1397,ğŸ˜‰,winking face,1
1402,â™Ÿï¸,chess pawn,1
1407,ğŸ˜¹,cat with tears of joy,1
1413,ğŸ“·,camera,1
1417,ğŸ‘‘,crown,1
1437,â¬…ï¸,left arrow,1
1437,â¡ï¸,right arrow,1
1439,ğŸ›’,shopping cart,1
1439,ğŸ‘‡,backhand index pointing down,1
1441,â™Ÿï¸,chess pawn,1
1441,â—»ï¸,white medium square,1
1445,â™¥ï¸,heart suit,1
1445,ğŸ†,trophy,1
1446,ğŸ‡¬ğŸ‡ª,flag: Georgia,1
1450,ğŸ™‚,slightly smiling face,1
1450,ğŸ“·,camera,1
1455,ğŸ‘‡,backhand index pointing down,5
1455,ğŸ™ŒğŸ»,raising hands: light skin tone,1
1457,â¤ï¸,red heart,1
1469,ğŸ¤,crossed fingers,1
1473,âœ¨,sparkles,2
1485,ğŸ“¸,camera with flash,1
1485,ğŸ‘‰,backhand index pointing right,1
1486,ğŸŠ,confetti ball,1
1486,ğŸ‘‘,crown,1
1488,ğŸ,goat,1
1492,â™Ÿï¸,chess pawn,1
1492,ğŸ†,trophy,1
1492,ğŸ¥‡,1st place medal,1
1496,ğŸ’›,yellow heart,1
1496,ğŸ“·,camera,1
1499,âš”ï¸,crossed swords,3
1500,ğŸ‘Œ,OK hand,1
1500,ğŸ™‚,slightly smiling face,1
1503,ğŸ’¡,light bulb,1
1503,ğŸ›ï¸,bellhop bell,1
1503,ğŸ‘ğŸ¼,thumbs up: medium-light skin tone,3
1503,ğŸ¤©,star-struck,1
1509,â£ï¸,heart exclamation,1
1509,ğŸ’ª,flexed biceps,1
1513,ğŸ’«,dizzy,1
1513,â¬‡ï¸,down arrow,1
1513,ğŸ”¥,fire,2
1513,ğŸ“º,television,1
1523,â£ï¸,heart exclamation,1
1524,ğŸ“·,camera,2
1524,ğŸ˜,smiling face with heart-eyes,1
1525,ğŸ–¤,black heart,1
1525,ğŸ˜®â€ğŸ’¨,face exhaling,1
1525,ğŸ˜ˆ,smiling face with horns,1
1541,ğŸ§,face with monocle,1
1545,âœ…,check mark button,1
1546,ğŸ’¯,hundred points,1
1547,ğŸ˜¨,fearful face,1
1548,ğŸ‡·ğŸ‡º,flag: Russia,1
1548,ğŸ‡¨ğŸ‡³,flag: China,1
1550,â¤ï¸,red heart,3
1564,ğŸ¥³,partying face,1
1565,ğŸ¥º,pleading face,1
1572,ğŸ’€,skull,1
1573,ğŸ“¸,camera with flash,1
1573,ğŸ†,trophy,1
1583,â–ªï¸,black small square,3
1583,ğŸ’š,green heart,1
1583,â¡,right arrow,1
1583,ğŸ¦,lion,2
1589,ğŸ™‚,slightly smiling face,1
1590,ğŸ‡¬ğŸ‡­,flag: Ghana,1
1593,ğŸ¥‰,3rd place medal,1
1594,â™Ÿ,chess pawn,1
1604,â™Ÿï¸,chess pawn,7
1613,ğŸ‘,thumbs up,1
1613,ğŸ’°,money bag,1
1613,âœ…,check mark button,1
1613,ğŸ”¥,fire,1
1625,ğŸ¤¡,clown face,1
1626,ğŸ¤¯,exploding head,1
1633,ğŸ¤”,thinking face,1
1639,ğŸ˜Œ,relieved face,1
1648,ğŸ“·,camera,1
1653,ğŸ“·,camera,1
1661,ğŸ˜‚,face with tears of joy,3
1662,ğŸ¤¡,clown face,1
1676,â¤ï¸,red heart,1
1676,ğŸ‘‘,crown,1
1687,ğŸ‘‰ğŸ»,backhand index pointing right: light skin tone,1
1687,ğŸ‘€,eyes,1
1687,ğŸ˜±,face screaming in fear,1
1687,ğŸ”¥,fire,2
1691,ğŸ“¸,camera with flash,1
1699,ğŸ¥¶,cold face,1
1700,ğŸ§,face with monocle,1
1706,ğŸš€,rocket,1
1712,ğŸ˜º,grinning cat,1
1720,ğŸš€,rocket,11
1720,ğŸ’–,sparkling heart,3
1721,ğŸ˜­,loudly crying face,1
1726,ğŸ’²,heavy dollar sign,1
1732,ğŸ‘‡,backhand index pointing down,1
1733,ğŸ¥°,smiling face with hearts,1
1749,ğŸ˜‰,winking face,1
1749,ğŸ‘,peach,1
1750,âœ…,check mark button,1
1755,ğŸ‘‘,crown,1
1760,ğŸ‘‰,backhand index pointing right,1
1762,ğŸ’¯,hundred points,1
1776,â™Ÿ,chess pawn,1
1779,â™Ÿï¸,chess pawn,1
1779,ğŸ†,trophy,1
1779,ğŸ¥‡,1st place medal,1
1782,ğŸ´,horse face,1
1788,ğŸ¥³,partying face,1
1790,ğŸ˜,smiling face with sunglasses,1
1797,ğŸ˜,smiling face with heart-eyes,1
1799,ğŸ˜,smiling face with heart-eyes,1
1800,ğŸ‘,thumbs up,1
1807,ğŸ“·,camera,1
1809,â™¥ï¸,heart suit,1
1809,ğŸ”¥,fire,1
1811,ğŸ”¥,fire,3
1813,ğŸ¥‚,clinking glasses,1
1813,ğŸ«€,anatomical heart,1
1815,ğŸ‘‡ğŸ¼,backhand index pointing down: medium-light skin tone,1
1817,ğŸ›,shopping bags,1
1817,ğŸ˜ƒ,grinning face with big eyes,1
1826,ğŸ˜‚,face with tears of joy,1
1830,ğŸ‘‡,backhand index pointing down,2
1830,â—,red exclamation mark,2
1834,â™Ÿï¸,chess pawn,1
1842,ğŸ¥‚,clinking glasses,1
1842,ğŸ¥‡,1st place medal,1
1842,ğŸ“·,camera,1
1851,ğŸ¤—,hugging face,1
1856,ğŸ“·,camera,1
1858,ğŸ˜‚,face with tears of joy,1
1861,ğŸ§,face with monocle,1
1868,â¤ï¸,red heart,1
1869,ğŸ”¥,fire,7
1876,ğŸ™†â€â™‚ï¸,man gesturing OK,1
1878,ğŸ‰,party popper,3
1878,â™Ÿï¸,chess pawn,1
1878,ğŸ’,bouquet,3
1881,ğŸ˜,neutral face,1
1884,ğŸš¨,police car light,1
1886,ğŸ˜²,astonished face,1
1898,ğŸ™ğŸ¼,folded hands: medium-light skin tone,1
1908,ğŸ“¸,camera with flash,1
1908,ğŸ˜Œ,relieved face,1
1910,ğŸ†,trophy,1
1916,ğŸ’€,skull,1
1917,ğŸ‘‘,crown,1
1920,â™Ÿ,chess pawn,1
1931,ğŸ‘,clapping hands,3
1953,ğŸ‘,clapping hands,3
1965,ğŸ˜,neutral face,1
1966,âœ¨,sparkles,2
1972,â¬‡ï¸,down arrow,1
1989,ğŸ‡·ğŸ‡º,flag: Russia,1
1989,ğŸ‡¨ğŸ‡³,flag: China,1
1998,ğŸ˜…,grinning face with sweat,1
2000,ğŸ™‚,slightly smiling face,1
2000,ğŸ‘€,eyes,1
2007,ğŸ˜,smiling face with sunglasses,1
2010,ğŸ™ğŸ»,folded hands: light skin tone,1
2020,ğŸ“š,books,1
2020,ğŸ¡,house with garden,1
2020,âœ¨,sparkles,1
2020,ğŸŒ,globe showing Europe-Africa,1
2020,â™Ÿï¸,chess pawn,1
2020,ğŸ‰,party popper,1
2020,â¤ï¸,red heart,1
2020,ğŸ–‹ï¸,fountain pen,1
2034,â™Ÿï¸,chess pawn,1
2050,ğŸ˜,beaming face with smiling eyes,1
2059,ğŸ˜,beaming face with smiling eyes,1
2059,ğŸ¤”,thinking face,1
2069,ğŸ‘‰,backhand index pointing right,1
2069,ğŸ“·,camera,1
2079,ğŸ’ªğŸ»,flexed biceps: light skin tone,1
2081,â¤,red heart,1
2082,â¤ï¸,red heart,1
2083,ğŸ’¥,collision,2
2102,â™Ÿï¸,chess pawn,2
2102,ğŸ†,trophy,1
2107,ğŸ¥°,smiling face with hearts,1
2110,ğŸ˜,beaming face with smiling eyes,1
2110,â™Ÿï¸,chess pawn,1
2119,ğŸ™,folded hands,1
2119,ğŸ˜”,pensive face,1
2123,â¤µï¸,right arrow curving down,2
2137,â™¥ï¸,heart suit,1
2138,â™¥ï¸,heart suit,1
2139,â¤,red heart,1
2140,ğŸš,bus stop,1
2140,ğŸ“,round pushpin,1
2140,ğŸ”›,ON! arrow,1
2142,ğŸ™‚,slightly smiling face,1
2156,ğŸš€,rocket,2
2166,â™Ÿ,chess pawn,1
2166,ğŸ˜,smiling face with heart-eyes,1
2191,ğŸ¶,musical notes,1
2191,ğŸ˜‚,face with tears of joy,1
2192,ğŸ‡¦ğŸ‡·,flag: Argentina,2
2192,ğŸ¤«,shushing face,1
2192,ğŸ‡­ğŸ‡·,flag: Croatia,2
2204,ğŸ‘¸ğŸ¼,princess: medium-light skin tone,1
2214,ğŸ˜…,grinning face with sweat,1
2222,ğŸ˜…,grinning face with sweat,1
2228,ğŸ˜…,grinning face with sweat,1
2230,ğŸ“¸,camera with flash,1
2233,âš”ï¸,crossed swords,1
2233,ğŸ”¥,fire,1
2235,â™Ÿ,chess pawn,1
2235,ğŸ“·,camera,1
2236,ğŸ‡·ğŸ‡º,flag: Russia,1
2236,ğŸ‡¨ğŸ‡³,flag: China,1
2239,ğŸ˜€,grinning face,1
2244,â¡ï¸,right arrow,1
2247,ğŸ¤,baby chick,1
2263,ğŸ“¸,camera with flash,1
2263,â™Ÿ,chess pawn,1
2263,ğŸ‘‰,backhand index pointing right,1
2272,ğŸ˜‚,face with tears of joy,1
2283,â™Ÿ,chess pawn,1
2283,âŒ,cross mark,1
2283,ğŸ“·,camera,1
2298,ğŸ˜¢,crying face,1
2305,ğŸ˜‚,face with tears of joy,4
2311,ğŸ”¥,fire,1
2316,âœï¸,writing hand,1
2317,ğŸ™‚,slightly smiling face,1
2318,ğŸ˜…,grinning face with sweat,1
2321,ğŸ˜†,grinning squinting face,1
2324,ğŸ˜«,tired face,1
2343,ğŸ™Œ,raising hands,1
2344,ğŸ™€,weary cat,1
2345,â™Ÿï¸,chess pawn,1
2345,ğŸ™ğŸ½,folded hands: medium skin tone,1
2345,ğŸ½,medium skin tone,2
2347,ğŸ¤“,nerd face,1
2347,ğŸ”¥,fire,1
2349,ğŸ’,heart with ribbon,3
2356,ğŸ˜,smiling face with sunglasses,1
2363,ğŸ‘,clapping hands,3
2367,ğŸ”¥,fire,2
2368,ğŸ¥³,partying face,1
2368,ğŸ¤¯,exploding head,1
2368,ğŸ“£,megaphone,1
2369,ğŸ¤§,sneezing face,1
2369,ğŸ¥²,smiling face with tear,1
2378,ğŸ‘,thumbs up,1
2378,ğŸ™,folded hands,1
2379,â¤µï¸,right arrow curving down,2
2386,ğŸ˜‰,winking face,1
2386,ğŸ‘‘,crown,1
2392,ğŸ˜‚,face with tears of joy,3
2405,ğŸ¤£,rolling on the floor laughing,1
2411,ğŸš¨,police car light,2
2412,ğŸ§µ,thread,1
2416,ğŸ’¥,collision,1
2418,ğŸ˜­,loudly crying face,1
2421,â™Ÿï¸,chess pawn,1
2421,ğŸ¤”,thinking face,1
2421,âœï¸,writing hand,1
2422,ğŸ“·,camera,1
2424,ğŸ˜‰,winking face,1
2424,ğŸ‡¨ğŸ‡±,flag: Chile,1
2430,ğŸ’ª,flexed biceps,3
2436,ğŸ¤¯,exploding head,4
2440,ğŸ™ï¸,studio microphone,1
2442,ğŸ¤·â€â™‚ï¸,man shrugging,1
2443,ğŸ¥²,smiling face with tear,1
2448,ğŸ“·,camera,1
2459,ğŸ˜³,flushed face,2
2460,ğŸ¤”,thinking face,1
2461,ğŸ˜Œ,relieved face,1
2463,ğŸ˜‚,face with tears of joy,3
2467,â°,alarm clock,1
2469,â™Ÿï¸,chess pawn,1
2473,ğŸ“¸,camera with flash,1
2473,â¡ï¸,right arrow,1
2477,ğŸ”¥,fire,3
2480,ğŸ˜­,loudly crying face,1
2480,ğŸ’”,broken heart,3
2485,ğŸ’ª,flexed biceps,1
2485,ğŸ˜®â€ğŸ’¨,face exhaling,1
2485,ğŸ˜,smirking face,1
2487,ğŸ˜,smiling face with heart-eyes,1
2500,ğŸ–¤,black heart,1
2500,â™Ÿï¸,chess pawn,1
2500,ğŸ‘‘,crown,1
2504,ğŸš¨,police car light,1
2507,ğŸ‘€,eyes,1
2507,ğŸ¤¯,exploding head,1
2507,ğŸ˜³,flushed face,1
2507,ğŸ˜‚,face with tears of joy,3
2509,ğŸ“¸,camera with flash,1
2509,ğŸ‘‰,backhand index pointing right,1
2514,â¤µï¸,right arrow curving down,2
2516,ğŸ‘‡,backhand index pointing down,2
2518,ğŸ“¸,camera with flash,1
2525,ğŸ§,face with monocle,1
2530,ğŸ™,studio microphone,1
2530,ğŸ“·,camera,1
2531,ğŸŒ,sun with face,1
2531,ğŸ¾,bottle with popping cork,1
2533,ğŸ˜,beaming face with smiling eyes,1
2535,ğŸŒ§ï¸,cloud with rain,1
2535,â˜”,umbrella with rain drops,1
2536,ğŸ’ª,flexed biceps,1
2541,ğŸ˜ˆ,smiling face with horns,1
2542,âœï¸,writing hand,1
2543,ğŸ‘‰,backhand index pointing right,1
2543,â±,stopwatch,2
2543,ğŸ“·,camera,1
2544,ğŸ™…,person gesturing NO,1
2546,â™Ÿ,chess pawn,1
2547,ğŸ“·,camera,1
2550,ğŸ“·,camera,1
2551,ğŸ’¤,zzz,1
2554,ğŸ‘‰,backhand index pointing right,1
2571,ğŸŒ,globe showing Asia-Australia,1
2571,ğŸ“·,camera,1
2577,ğŸ˜†,grinning squinting face,1
2577,ğŸ˜­,loudly crying face,1
2601,ğŸ‘€,eyes,1
2602,ğŸº,trumpet,6
2603,â™¥ï¸,heart suit,1
2603,ğŸ‘ŒğŸ¾,OK hand: medium-dark skin tone,1
2609,ğŸ‘‰,backhand index pointing right,1
2612,ğŸ‘ŠğŸ¾,oncoming fist: medium-dark skin tone,1
2612,ğŸ¤£,rolling on the floor laughing,1
2618,â™Ÿï¸,chess pawn,1
2624,ğŸ˜,smiling face with heart-eyes,1
2631,ğŸ“¸,camera with flash,1
2631,âœï¸,writing hand,1
2632,ğŸ¤—,hugging face,1
2641,â™Ÿ,chess pawn,1
2641,ğŸ”¥,fire,2
2641,ğŸ“·,camera,1
2643,ğŸ¥°,smiling face with hearts,1
2643,ğŸ˜”,pensive face,1
2652,ğŸ¥²,smiling face with tear,1
2652,ğŸ˜‚,face with tears of joy,1
2656,ğŸ¤·â€â™‚ï¸,man shrugging,1
2659,â¬‡ï¸,down arrow,1
2662,ğŸ˜‰,winking face,1
2662,ğŸŒŠ,water wave,1
2662,â˜€ï¸,sun,1
2662,â¤ï¸,red heart,1
2662,ğŸ‘,clapping hands,1
2662,ğŸ™Œ,raising hands,1
2677,ğŸ‡ªğŸ‡¨,flag: Ecuador,1
2685,ğŸ˜…,grinning face with sweat,1
2685,ğŸ˜‚,face with tears of joy,1
2699,ğŸ¤¯,exploding head,1
2703,ğŸ”¥,fire,3
2705,ğŸ‘ğŸ»,clapping hands: light skin tone,1
2706,ğŸ”¥,fire,3
2716,â€¼,double exclamation mark,1
2718,ğŸ‡ºğŸ‡¦,flag: Ukraine,1
2719,ğŸ‘‰,backhand index pointing right,1
2720,ğŸ¤£,rolling on the floor laughing,1
2740,ğŸ’€,skull,1
2741,ğŸ¤£,rolling on the floor laughing,2
2744,ğŸ¤”,thinking face,1
2747,ğŸ“¸,camera with flash,1
2747,ğŸ‘‰,backhand index pointing right,1
2749,ğŸ‡·ğŸ‡º,flag: Russia,1
2749,ğŸ‡¨ğŸ‡³,flag: China,1
2755,ğŸ‘,clapping hands,1
2758,ğŸ­,performing arts,1
2770,ğŸ”¥,fire,1
2777,âœ…,check mark button,1
2777,ğŸ¥‡,1st place medal,1
2779,ğŸ˜,smiling face with heart-eyes,1
2785,ğŸ“·,camera,1
2789,ğŸ“·,camera,1
2795,ğŸ˜,smiling face with heart-eyes,1
2795,ğŸ˜‚,face with tears of joy,1
2817,ğŸ¥³,partying face,1
2817,ğŸ”¥,fire,1
2820,ğŸ˜„,grinning face with smiling eyes,1
2820,ğŸ¤·ğŸ»â€â™‚ï¸,man shrugging: light skin tone,1
2822,ğŸ“¸,camera with flash,1
2822,ğŸ‘‡,backhand index pointing down,1
2823,ğŸ“¸,camera with flash,1
2823,ğŸ‘‰,backhand index pointing right,1
2823,ğŸ’¬,speech balloon,1
2826,ğŸ˜‰,winking face,1
2834,ğŸ“·,camera,1
2840,ğŸ˜,smiling face with sunglasses,1
2854,ğŸ“¸,camera with flash,1
2862,ğŸ,wrapped gift,2
2862,2âƒ£,keycap: 2,1
2862,1âƒ£,keycap: 1,1
2866,ğŸ“·,camera,1
2872,ğŸ‘ŒğŸ½,OK hand: medium skin tone,1
2877,ğŸ§,face with monocle,1
2878,ğŸ‡·ğŸ‡º,flag: Russia,1
2878,ğŸ‡µğŸ‡±,flag: Poland,1
2878,ğŸ‡ºğŸ‡¦,flag: Ukraine,1
2883,â¤µï¸,right arrow curving down,2
2884,âœŒğŸ¾,victory hand: medium-dark skin tone,1
2897,ğŸ˜,smiling face with heart-eyes,1
2904,ğŸ¤,crossed fingers,1
2913,ğŸ§¡,orange heart,2
2913,ğŸŒ»,sunflower,1
2923,ğŸ¤”,thinking face,1
2930,âš¡,high voltage,1
2936,ğŸ˜´,sleeping face,1
2941,ğŸ’¥,collision,1
2941,â™Ÿ,chess pawn,1
2941,ğŸ˜±,face screaming in fear,1
2941,ğŸ‘‘,crown,2
2942,ğŸš¨,police car light,1
2948,â˜ ,skull and crossbones,2
2948,ğŸ‡¨ğŸ‡³,flag: China,2
2948,ğŸ˜„,grinning face with smiling eyes,1
2948,ğŸ˜ª,sleepy face,1
2948,ğŸ¥µ,hot face,2
2948,ğŸ¤,zipper-mouth face,1
2948,ğŸ‘,clapping hands,1
2949,ğŸ˜‚,face with tears of joy,1
2954,ğŸ“·,camera,1
2960,ğŸ™Œ,raising hands,1
2968,ğŸ™,folded hands,1
2968,ğŸ‘ğŸ¼,clapping hands: medium-light skin tone,1
2970,ğŸ˜­,loudly crying face,3
2971,ğŸ“¸,camera with flash,1
2971,ğŸ‘‰,backhand index pointing right,1
2971,ğŸŒ,globe showing Europe-Africa,1
2976,ğŸ¤¦,person facepalming,1
2986,â™Ÿï¸,chess pawn,1
2986,ğŸ¤©,star-struck,1
2993,ğŸ¥,croissant,1
2994,ğŸ‘‰,backhand index pointing right,1
2994,ğŸ’¬,speech balloon,1
2994,ğŸ“·,camera,1
2997,ğŸ˜…,grinning face with sweat,1
2998,ğŸ¥´,woozy face,1
3000,ğŸ˜,smiling face with heart-eyes,1
3000,ğŸ¥³,partying face,1
3000,ğŸ¤–,robot,1
3005,ğŸ¤¯,exploding head,1
3007,ğŸ“¸,camera with flash,1
3008,ğŸ˜‚,face with tears of joy,1
3015,ğŸ¤¯,exploding head,1
3016,â¤ï¸,red heart,1
3017,ğŸ¤”,thinking face,1
3020,ğŸ‡«ğŸ‡·,flag: France,1
3024,ğŸ”½,downwards button,1
3024,â—,red exclamation mark,1
3029,ğŸ¥°,smiling face with hearts,1
3030,ğŸ‚,birthday cake,1
3038,ğŸ™Œ,raising hands,1
3038,â™Ÿï¸,chess pawn,1
3040,ğŸ™‹â€â™€ï¸,woman raising hand,1
3043,ğŸ‘‘,crown,1
3043,ğŸ’ªğŸ¼,flexed biceps: medium-light skin tone,1
3043,ğŸ™…ğŸ»â€â™‚ï¸,man gesturing NO: light skin tone,1
3043,ğŸš«,prohibited,1
3043,ğŸ†,trophy,1
3043,ğŸ¤”,thinking face,1
3047,ğŸ’¥,collision,1
3052,â­,star,5
3053,ğŸ“·,camera,1
3058,ğŸ™‚,slightly smiling face,1
3058,ğŸ‘,thumbs up,1
3058,ğŸ“¸,camera with flash,1
3059,ğŸ¤­,face with hand over mouth,1
3064,ğŸ˜‡,smiling face with halo,1
3068,ğŸ‘‰,backhand index pointing right,1
3072,ğŸ“·,camera,1
3076,ğŸ’”,broken heart,1
3092,ğŸ¤¦â€â™‚ï¸,man facepalming,1
3093,ğŸ˜Š,smiling face with smiling eyes,1
3102,â€¼,double exclamation mark,2
3107,ğŸ,chequered flag,1
3108,ğŸ‡¨ğŸ‡³,flag: China,1
3108,ğŸ“·,camera,1
3108,ğŸ’¬,speech balloon,1
3108,ğŸ§,face with monocle,1
3108,ğŸ‘‰,backhand index pointing right,1
3110,ğŸ˜¡,pouting face,3
3113,ğŸ˜©,weary face,1
3116,ğŸ”¥,fire,1
3123,ğŸ˜¡,pouting face,1
3123,ğŸ‘€,eyes,1
3123,â™Ÿï¸,chess pawn,1
3123,ğŸ˜Œ,relieved face,1
3131,ğŸ˜¢,crying face,1
3133,ğŸ¥º,pleading face,1
3133,ğŸ˜­,loudly crying face,1
3133,ğŸ¦‹,butterfly,1
3133,ğŸ˜±,face screaming in fear,1
3136,ğŸ™Œ,raising hands,1
3136,ğŸ˜‚,face with tears of joy,1
3139,ğŸ˜±,face screaming in fear,1
3140,â™Ÿï¸,chess pawn,1
3140,ğŸ‘ğŸ»,thumbs up: light skin tone,1
3145,ğŸ”¥,fire,2
3150,ğŸ¤´,prince,1
3152,ğŸ˜‰,winking face,1
3157,ğŸ¥Š,boxing glove,1
3160,ğŸ˜„,grinning face with smiling eyes,1
3168,ğŸ¤£,rolling on the floor laughing,1
3170,â¬‡ï¸,down arrow,1
3170,ğŸ“º,television,1
3172,ğŸ‘Œ,OK hand,1
3175,â˜ºï¸,smiling face,1
3175,ğŸ˜‚,face with tears of joy,1
3175,ğŸ˜…,grinning face with sweat,1
3191,ğŸ“·,camera,1
3194,âœ…,check mark button,1
3194,ğŸ†,trophy,1
3194,ğŸ‘‡,backhand index pointing down,1
3216,ğŸ™‚,slightly smiling face,1
3218,ğŸ˜Ÿ,worried face,1
3219,ğŸ‘‰,backhand index pointing right,1
3219,ğŸ“·,camera,1
3223,ğŸ’£,bomb,1
3227,ğŸ™ï¸,studio microphone,1
3237,â¬‡ï¸,down arrow,1
3237,ğŸ“º,television,1
3242,ğŸŒŸ,glowing star,1
3248,ğŸ“¸,camera with flash,1
3248,âœï¸,writing hand,1
3249,ğŸ¥°,smiling face with hearts,1
3249,ğŸ¤”,thinking face,1
3253,ğŸ¤£,rolling on the floor laughing,1
3254,ğŸ‡­ğŸ‡º,flag: Hungary,1
3254,â¤ï¸,red heart,1
3258,ğŸ˜,smiling face with heart-eyes,1
3263,â™Ÿï¸,chess pawn,1
3267,ğŸ¤›,left-facing fist,1
3274,â™Ÿï¸,chess pawn,1
3274,â€¼ï¸,double exclamation mark,1
3276,ğŸ’¥,collision,2
3276,â™Ÿ,chess pawn,2
3276,ğŸ‘ğŸ»,clapping hands: light skin tone,2
3278,ğŸ–¤,black heart,1
3278,â™Ÿï¸,chess pawn,1
3278,ğŸ‘š,womanâ€™s clothes,1
3281,ğŸš¨,police car light,1
3282,ğŸ˜‚,face with tears of joy,2
3292,ğŸ¤©,star-struck,1
3304,ğŸ“·,camera,1
3310,ğŸ˜¯,hushed face,1
3316,ğŸ˜¶,face without mouth,1
3327,ğŸ˜”,pensive face,1
3351,ğŸ™‚,slightly smiling face,1
3352,ğŸ˜,smiling face with sunglasses,1
3353,â¤µï¸,right arrow curving down,2
3368,ğŸ™‚,slightly smiling face,1
3369,â™Ÿï¸,chess pawn,1
3371,â™Ÿï¸,chess pawn,1
3371,ğŸ¤”,thinking face,1
3374,â™Ÿ,chess pawn,1
3374,ğŸ¥,movie camera,1
3379,â™Ÿï¸,chess pawn,1
3380,ğŸ¤,handshake,1
3393,Â©,copyright,1
3406,ğŸ’œ,purple heart,1
3408,ğŸ‘‰,backhand index pointing right,1
3408,ğŸ“·,camera,1
3409,ğŸ§,face with monocle,1
3413,ğŸ˜‚,face with tears of joy,1
3413,ğŸ‘š,womanâ€™s clothes,1
3414,â™Ÿï¸,chess pawn,1
3419,ğŸ“·,camera,1
3420,ğŸ˜³,flushed face,1
3423,ğŸ˜„,grinning face with smiling eyes,1
3425,â™Ÿ,chess pawn,1
3425,ğŸ“·,camera,1
3430,ğŸ˜­,loudly crying face,4
3433,â™Ÿï¸,chess pawn,1
3434,âšª,white circle,1
3436,ğŸ˜®,face with open mouth,2
3442,ğŸ§,face with monocle,1
3444,ğŸ“·,camera,1
3447,ğŸ‡³ğŸ‡´,flag: Norway,1
3459,ğŸ˜,smiling face with sunglasses,1
3484,â™Ÿï¸,chess pawn,1
3486,â¬‡ï¸,down arrow,3
3487,â¤ï¸,red heart,1
3490,â™¥ï¸,heart suit,1
3493,ğŸš¨,police car light,1
3503,ğŸ˜,smiling face with sunglasses,1
3511,â˜•,hot beverage,1
3512,ğŸ•¸ï¸,spider web,1
3517,ğŸ¤¨,face with raised eyebrow,1
3517,ğŸ’¯,hundred points,1
3524,â¤ï¸,red heart,2
3524,ğŸ¥¶,cold face,3
3528,ğŸ”¥,fire,3
3534,ğŸ‘‘,crown,1
3546,ğŸ“·,camera,1
3548,ğŸ˜±,face screaming in fear,1
3561,ğŸ“·,camera,1
3565,ğŸ˜˜,face blowing a kiss,1
3573,âš«,black circle,1
3573,â™Ÿï¸,chess pawn,1
3573,âšª,white circle,1
3587,ğŸ‘‡,backhand index pointing down,1
3590,ğŸ“·,camera,1
3596,ğŸ˜‚,face with tears of joy,1
3598,ğŸ‘‰,backhand index pointing right,1
3598,ğŸ’¬,speech balloon,1
3598,ğŸ“·,camera,1
3611,ğŸ“·,camera,1
3618,ğŸ“·,camera,1
3632,ğŸ‘,thumbs up,1
3633,ğŸ¤š,raised back of hand,1
3634,âš«,black circle,1
3634,â™Ÿ,chess pawn,1
3634,ğŸ‘‘,crown,1
3634,âšª,white circle,1
3635,ğŸ”¥,fire,1
3639,â˜ºï¸,smiling face,1
3639,ğŸ«,chocolate bar,1
3640,ğŸ˜,smiling face with sunglasses,1
3641,ğŸ‡µğŸ‡±,flag: Poland,1
3641,ğŸ‡ºğŸ‡¦,flag: Ukraine,1
3650,ğŸ“¸,camera with flash,1
3650,âœï¸,writing hand,1
3651,â™Ÿï¸,chess pawn,2
3653,ğŸ˜‚,face with tears of joy,1
3658,ğŸ˜¢,crying face,1
3658,ğŸ˜­,loudly crying face,1
3658,ğŸ—£,speaking head,1
3658,ğŸ˜³,flushed face,4
3658,ğŸ˜,smiling face with heart-eyes,5
3658,âŒ,cross mark,1
3658,ğŸ‘„,mouth,1
3658,ğŸ‘,eye,2
3658,ğŸ˜¼,cat with wry smile,1
3658,ğŸ¤™,call me hand,1
3658,ğŸ¤”,thinking face,2
3661,ğŸ”¥,fire,1
3666,ğŸ˜³,flushed face,1
3673,ğŸ¥³,partying face,1
3673,ğŸ¥²,smiling face with tear,3
3673,ğŸ˜–,confounded face,1
3681,ğŸ“·,camera,2
3681,ğŸ˜,smiling face with heart-eyes,1
3682,ğŸ‘ŠğŸ»,oncoming fist: light skin tone,2
3683,ğŸ¥¶,cold face,1
3686,ğŸ™‚,slightly smiling face,1
3700,âœ…,check mark button,3
3702,âœ¨,sparkles,2
3710,ğŸ’¬,speech balloon,1
3716,ğŸ†,trophy,1
3724,â™Ÿï¸,chess pawn,1
3730,ğŸ¤“,nerd face,1
3737,ğŸ˜¢,crying face,1
3737,ğŸ’”,broken heart,1
3737,ğŸ¥³,partying face,1
3737,ğŸ”¥,fire,1
3737,ğŸ’,bouquet,1
3740,ğŸ‡¨ğŸ‡³,flag: China,1
3740,â™Ÿï¸,chess pawn,1
3740,ğŸ‘‘,crown,1
3740,â­,star,1
3740,ğŸŒ,globe showing Americas,1
3743,ğŸ‡·ğŸ‡º,flag: Russia,1
3743,ğŸ‡¨ğŸ‡³,flag: China,1
3753,ğŸ˜ƒ,grinning face with big eyes,1
3757,ğŸ˜Š,smiling face with smiling eyes,1
3757,ğŸ˜ƒ,grinning face with big eyes,1
3760,ğŸ‘‰,backhand index pointing right,1
3760,ğŸ‘ˆ,backhand index pointing left,1
3761,ğŸ˜,smiling face with sunglasses,1
3766,ğŸ˜œ,winking face with tongue,1
3766,ğŸ˜Š,smiling face with smiling eyes,1
3770,â¤ï¸â€ğŸ©¹,mending heart,1
3771,â¬‡ï¸,down arrow,1
3771,ğŸ§µ,thread,1
3772,â™Ÿ,chess pawn,1
3772,ğŸ‡¨ğŸ‡³,flag: China,1
3772,1âƒ£,keycap: 1,1
3772,ğŸ‘,clapping hands,1
3772,ğŸ†,trophy,1
3774,ğŸ†,trophy,1
3774,ğŸ¥²,smiling face with tear,1
3782,âœ”ï¸,check mark,2
3782,ğŸ”¥,fire,1
3782,ğŸ¤,crossed fingers,1
3786,ğŸ”,no one under eighteen,1
3786,â¤µï¸,right arrow curving down,2
3795,ğŸ½,pig nose,1
3798,ğŸ‘‰,backhand index pointing right,1
3798,ğŸ’¬,speech balloon,1
3798,ğŸ“·,camera,1
3800,ğŸ’«,dizzy,2
3800,âœ¨,sparkles,3
3800,ğŸ˜„,grinning face with smiling eyes,1
3800,ğŸ¶,musical notes,1
3801,ğŸ‘,clapping hands,1
3801,ğŸ‡¨ğŸ‡³,flag: China,1
3801,â™Ÿï¸,chess pawn,1
3801,ğŸ†,trophy,1
3803,ğŸ’¡,light bulb,1
3803,ğŸ¤¢,nauseated face,1
3805,ğŸ‘‰,backhand index pointing right,1
3805,ğŸ˜ƒ,grinning face with big eyes,1
3806,ğŸ‘‘,crown,1
3808,ğŸ¥º,pleading face,1
3813,ğŸ”¥,fire,1
3815,ğŸ¥²,smiling face with tear,1
3816,ğŸ¤¡,clown face,1
3823,â™Ÿï¸,chess pawn,2
3845,ğŸ˜‰,winking face,1
3845,ğŸ˜„,grinning face with smiling eyes,1
3845,ğŸ˜›,face with tongue,1
3850,ğŸ’¯,hundred points,1
3851,ğŸ˜¢,crying face,1
3857,â™Ÿï¸,chess pawn,1
3857,ğŸ†,trophy,1
3860,ğŸ˜‚,face with tears of joy,1
3861,ğŸš¨,police car light,1
3862,ğŸ“·,camera,1
3883,ğŸ§,face with monocle,1
3884,ğŸ²,dragon face,1
3884,ğŸ‡¨ğŸ‡³,flag: China,1
3884,ğŸ†,trophy,1
3884,ğŸ™,folded hands,1
3902,ğŸ†,trophy,3
3905,ğŸ‰,party popper,3
3906,ğŸ™ƒ,upside-down face,1
3918,ğŸ‘‰,backhand index pointing right,1
3929,ğŸ‡¨ğŸ‡³,flag: China,1
3929,ğŸ‡°ğŸ‡¿,flag: Kazakhstan,1
3932,âš”ï¸,crossed swords,4
3935,ğŸš¨,police car light,1
3941,ğŸ‘‡,backhand index pointing down,1
3945,â™Ÿï¸,chess pawn,1
3946,â™Ÿï¸,chess pawn,1
3946,ğŸ‘‘,crown,1
3948,ğŸ˜‚,face with tears of joy,1
3949,ğŸ‘,clapping hands,2
3953,âš«,black circle,1
3953,â™Ÿï¸,chess pawn,1
3953,âšª,white circle,1
3955,ğŸ˜´,sleeping face,1
3966,ğŸš€,rocket,1
3966,âœ…,check mark button,3
3966,âš¡,high voltage,2
3973,ğŸ‡·ğŸ‡º,flag: Russia,1
3973,ğŸ‡¨ğŸ‡³,flag: China,1
3975,â¬‡ï¸,down arrow,1
3978,ğŸ¤”,thinking face,1
3981,ğŸ˜‚,face with tears of joy,1
3982,â™Ÿï¸,chess pawn,1
3992,ğŸ¤©,star-struck,1
3993,ğŸ›,shopping bags,1
3993,ğŸ˜ƒ,grinning face with big eyes,1
4003,ğŸ‘,clapping hands,1
4003,â™Ÿï¸,chess pawn,1
4003,ğŸ†,trophy,1
4005,ğŸ¤£,rolling on the floor laughing,1
4012,ğŸ›‘,stop sign,1
4017,ğŸ¤”,thinking face,1
4023,ğŸ˜Š,smiling face with smiling eyes,1
4027,ğŸ™‚,slightly smiling face,1
4036,ğŸ‘Œ,OK hand,2
4036,â™¥ï¸,heart suit,1
4037,ğŸ’¯,hundred points,1
4038,ğŸ‡¬ğŸ‡­,flag: Ghana,1
4038,â¤,red heart,1
4038,ğŸªµ,wood,1
4038,ğŸ˜ƒ,grinning face with big eyes,1
4039,â™¥ï¸,heart suit,2
4044,ğŸ˜±,face screaming in fear,1
4047,ğŸ‡µğŸ‡°,flag: Pakistan,1
4047,ğŸ’•,two hearts,3
4055,ğŸ™,folded hands,1
4057,ğŸ™ˆ,see-no-evil monkey,1
4057,ğŸ¤¦â€â™‚,man facepalming,1
4057,ğŸ¤¡,clown face,1
4061,ğŸ‘‰ğŸ½,backhand index pointing right: medium skin tone,1
4061,ğŸ‡ªğŸ‡¦,flag: Ceuta & Melilla,1
4065,ğŸ¤œ,right-facing fist,1
4070,ğŸ¥¶,cold face,1
4078,ğŸ‘,thumbs up,1
4081,ğŸ¤¦ğŸ»â€â™‚ï¸,man facepalming: light skin tone,1
4083,ğŸ†,trophy,1
4096,ğŸ‡·ğŸ‡º,flag: Russia,1
4096,â™Ÿ,chess pawn,1
4096,ğŸ‡¨ğŸ‡³,flag: China,1
4099,â¤µï¸,right arrow curving down,2
4106,ğŸ™,folded hands,1
4106,ğŸ™Œ,raising hands,1
4106,â­,star,1
4106,ğŸ”¥,fire,1
4107,â™Ÿï¸,chess pawn,1
4109,ğŸ“·,camera,1
4110,ğŸ˜ƒ,grinning face with big eyes,1
4112,ğŸ‡¨ğŸ‡³,flag: China,1
4112,ğŸ,chequered flag,1
4126,ğŸ“Œ,pushpin,1
4126,âœ…,check mark button,1
4126,â¡ï¸,right arrow,1
4126,â—,red exclamation mark,2
4129,â¤ï¸,red heart,1
4137,â™Ÿ,chess pawn,1
4137,ğŸ”,TOP arrow,1
4144,ğŸ˜‚,face with tears of joy,1
4144,ğŸ¤£,rolling on the floor laughing,2
4155,ğŸ‘ŒğŸ»,OK hand: light skin tone,1
4155,ğŸ¤—,hugging face,1
4155,ğŸ™ğŸ»,folded hands: light skin tone,2
4155,ğŸ‘ğŸ»,thumbs up: light skin tone,1
4163,ğŸ’¸,money with wings,1
4163,ğŸ˜œ,winking face with tongue,1
4164,ğŸ‘,clapping hands,5
4167,ğŸ‡·ğŸ‡º,flag: Russia,1
4167,ğŸ˜‚,face with tears of joy,1
4170,ğŸ“·,camera,1
4172,ğŸ‘,clapping hands,3
4172,ğŸ‡¨ğŸ‡³,flag: China,1
4172,ğŸ’ª,flexed biceps,1
4176,â¤ï¸â€ğŸ”¥,heart on fire,1
4181,ğŸ‡¬ğŸ‡­,flag: Ghana,1
4194,ğŸ‘,clapping hands,2
4198,ğŸ‘¸ğŸ¼,princess: medium-light skin tone,1
4206,ğŸ¤£,rolling on the floor laughing,1
4207,ğŸ”¥,fire,1
4208,â™Ÿï¸,chess pawn,1
4209,ğŸ˜‰,winking face,1
4210,â¤µï¸,right arrow curving down,2
4212,ğŸ™„,face with rolling eyes,1
4224,ğŸ§,face with monocle,1
4231,â™Ÿï¸,chess pawn,1
4242,ğŸ˜,smiling face with sunglasses,1
4246,ğŸŠ,confetti ball,1
4249,ğŸ“¸,camera with flash,1
4249,ğŸ‘ğŸ»,clapping hands: light skin tone,1
4259,ğŸ“¸,camera with flash,1
4259,ğŸ‡°ğŸ‡¿,flag: Kazakhstan,1
4259,ğŸ‡®ğŸ‡³,flag: India,1
4265,ğŸ”¥,fire,1
4266,ğŸ˜‰,winking face,1
4266,ğŸ‡¿ğŸ‡¼,flag: Zimbabwe,1
4280,ğŸ¤”,thinking face,1
4284,ğŸ’«,dizzy,1
4286,â¤µï¸,right arrow curving down,2
4292,ğŸ¤¦â€â™‚ï¸,man facepalming,1
4307,ğŸ‡¦ğŸ‡ª,flag: United Arab Emirates,1
4309,ğŸ˜‚,face with tears of joy,1
4311,ğŸ‘‹,waving hand,1
4314,â¤µï¸,right arrow curving down,2
4318,ğŸ˜,beaming face with smiling eyes,1
4322,ğŸ‘‰,backhand index pointing right,1
4322,ğŸ“·,camera,1
4323,ğŸ“£,megaphone,1
4325,âœï¸,writing hand,1
4330,ğŸ‘,thumbs up,1
4330,ğŸ’™,blue heart,1
4332,ğŸ‘§,girl,1
4333,ğŸ‘‹,waving hand,1
4335,ğŸ‘Œ,OK hand,1
4335,â­,star,6
4336,ğŸ˜,beaming face with smiling eyes,2
4337,â™¥ï¸,heart suit,1
4339,ğŸ™‚,slightly smiling face,1
4340,ğŸ‘,clapping hands,1
4340,â¤,red heart,1
4345,ğŸŒ,sun with face,1
4345,ğŸ¾,bottle with popping cork,1
4356,ğŸ‘‘,crown,1
4356,ğŸ˜‚,face with tears of joy,1
4359,ğŸ‘‡,backhand index pointing down,1
4362,ğŸ¯,bullseye,1
4367,ğŸ“·,camera,1
4371,ğŸ˜‚,face with tears of joy,1
4378,ğŸ˜‚,face with tears of joy,1
4389,ğŸ¤ ,cowboy hat face,1
4404,ğŸ˜,smiling face with heart-eyes,1
4419,ğŸ™‚,slightly smiling face,1
4421,ğŸ’«,dizzy,1
4421,ğŸŒ,globe showing Asia-Australia,1
4421,ğŸ‡¿ğŸ‡²,flag: Zambia,1
4441,ğŸ’ª,flexed biceps,3
4450,ğŸ‡¦ğŸ‡¿,flag: Azerbaijan,1
4450,ğŸ˜,smiling face with heart-eyes,1
4450,ğŸ‡µğŸ‡¾,flag: Paraguay,1
4450,ğŸ§¨,firecracker,1
4450,â€¼ï¸,double exclamation mark,1
4453,ğŸ™Œ,raising hands,1
4456,ğŸ†,trophy,1
4459,ğŸ‘,clapping hands,3
4460,ğŸ™‚,slightly smiling face,1
4465,ğŸ¥°,smiling face with hearts,1
4466,ğŸ¤·,person shrugging,1
4467,ğŸ“¸,camera with flash,1
4469,â¤ï¸,red heart,1
4490,ğŸ’¥,collision,1
4496,ğŸ˜€,grinning face,3
4505,ğŸ¤£,rolling on the floor laughing,1
4505,ğŸ‘‡,backhand index pointing down,1
4505,ğŸ“º,television,1
4509,ğŸ“·,camera,1
4511,ğŸ“·,camera,1
4512,ğŸ˜¡,pouting face,1
4512,ğŸ¥²,smiling face with tear,2
4512,ğŸ¥±,yawning face,1
4519,ğŸ¨,artist palette,1
4523,ğŸ‰,party popper,3
4526,ğŸ¤”,thinking face,1
4538,ğŸ†,trophy,1
4538,ğŸŒŸ,glowing star,1
4538,ğŸ”¥,fire,1
4539,ğŸ“¸,camera with flash,1
4539,ğŸ‘‰,backhand index pointing right,1
4561,ğŸ“·,camera,1
4563,ğŸ˜‚,face with tears of joy,4
4577,ğŸ˜,smiling face with heart-eyes,1
4578,ğŸ”¥,fire,1
4580,ğŸš¨,police car light,4
4586,â™Ÿï¸,chess pawn,1
4586,ğŸ†,trophy,1
4590,ğŸš¨,police car light,1
4600,ğŸ“·,camera,1
4601,ğŸ˜‚,face with tears of joy,5
4604,ğŸ”¥,fire,1
4609,ğŸ‰,party popper,1
4609,ğŸ‚,birthday cake,1
4615,â™Ÿï¸,chess pawn,1
4625,ğŸ˜,beaming face with smiling eyes,1
4637,ğŸ¤,crossed fingers,1
4641,ğŸ‘‰,backhand index pointing right,1
4641,ğŸ“·,camera,1
4648,â™Ÿï¸,chess pawn,1
4648,ğŸ‡ªğŸ‡¬,flag: Egypt,1
4649,ğŸ¤£,rolling on the floor laughing,1
4654,â¤ï¸,red heart,1
4659,ğŸ‘ğŸ¼,clapping hands: medium-light skin tone,1
4660,ğŸ‘ğŸ»,thumbs up: light skin tone,1
4661,â™Ÿï¸,chess pawn,1
4661,ğŸ‡¯ğŸ‡ª,flag: Jersey,1
4666,ğŸ˜,neutral face,1
4671,ğŸ˜’,unamused face,1
4671,ğŸ˜‘,expressionless face,1
4683,â¬‡ï¸,down arrow,1
4683,ğŸ“·,camera,1
4683,â¬†ï¸,up arrow,1
4692,â¤ï¸,red heart,1
4692,ğŸ”¥,fire,1
4695,ğŸ’¢,anger symbol,1
4703,â°,alarm clock,1
4706,ğŸ¤¦,person facepalming,1
4716,ğŸ”¥,fire,1
4718,ğŸ‘,clapping hands,1
4722,ğŸ˜†,grinning squinting face,1
4724,â¤ï¸,red heart,1
4728,ğŸ™‚,slightly smiling face,1
4733,ğŸ§,face with monocle,1
4747,ğŸ“¸,camera with flash,1
4750,ğŸ“¸,camera with flash,1
4750,ğŸ‘‰,backhand index pointing right,1
4764,ğŸ“·,camera,1
4767,ğŸ’¥,collision,1
4768,ğŸ™ğŸ¾,folded hands: medium-dark skin tone,1
4775,ğŸ˜‚,face with tears of joy,1
4777,ğŸ‘‰,backhand index pointing right,1
4778,ğŸ¤¯,exploding head,1
4783,ğŸ“·,camera,1
4784,ğŸ¤©,star-struck,1
4795,ğŸ“·,camera,1
4799,ğŸ˜‚,face with tears of joy,1
4815,ğŸ“¸,camera with flash,1
4816,ğŸ™,slightly frowning face,1
4819,ğŸ˜,smiling face with sunglasses,1
4825,ğŸ™,folded hands,1
4827,ğŸ‡¨ğŸ‡³,flag: China,1
4827,ğŸ³,white flag,1
4828,ğŸ¤”,thinking face,1
4829,ğŸˆ,cat,1
4830,ğŸš¨,police car light,1
4832,â™Ÿ,chess pawn,1
4832,ğŸ¥,movie camera,1
4836,ğŸ“¸,camera with flash,1
4837,ğŸ˜‹,face savoring food,1
4837,âœŒï¸,victory hand,1
4842,ğŸ“,memo,1
4844,ğŸ‘ŒğŸ»,OK hand: light skin tone,1
4863,ğŸ¤¯,exploding head,1
4869,ğŸ˜‚,face with tears of joy,1
4869,ğŸ˜,smiling face with sunglasses,2
4869,ğŸ¤­,face with hand over mouth,1
4869,ğŸ‘ğŸ½,clapping hands: medium skin tone,1
4870,ğŸ¤•,face with head-bandage,1
4873,ğŸ‘ğŸ¾,clapping hands: medium-dark skin tone,1
4874,ğŸ“·,camera,1
4883,ğŸ¢,roller coaster,1
4888,â™Ÿï¸,chess pawn,1
4888,âœï¸,writing hand,1
4890,ğŸ˜”,pensive face,1
4892,â™Ÿï¸,chess pawn,1
4894,ğŸ˜…,grinning face with sweat,1
4900,ğŸ“¸,camera with flash,1
4900,â¡ï¸,right arrow,1
4914,ğŸ‘‰,backhand index pointing right,1
4919,ğŸ‡¨ğŸ‡³,flag: China,1
4919,ğŸ³,white flag,1
4921,ğŸ†,trophy,1
4927,â¤ï¸,red heart,1
4931,âŒ›,hourglass done,1
4941,â™¥ï¸,heart suit,1
4941,ğŸ’¯,hundred points,1
4945,ğŸ‘ğŸ»,clapping hands: light skin tone,6
4948,â™Ÿï¸,chess pawn,1
4955,â¤µï¸,right arrow curving down,2
4959,ğŸ”¥,fire,3
4977,â™Ÿ,chess pawn,1
4977,ğŸ“¸,camera with flash,1
4977,ğŸ‡«ğŸ‡·,flag: France,1
4977,ğŸ‡¬ğŸ‡§,flag: United Kingdom,1
4977,ğŸ“,rooster,1
4979,ğŸ‘‘,crown,1
4990,ğŸ“¸,camera with flash,1
4990,â¡ï¸,right arrow,1
4995,ğŸ“·,camera,1
4998,ğŸ’¥,collision,1
4998,â™Ÿ,chess pawn,1
4998,ğŸ“·,camera,1
5003,ğŸ˜…,grinning face with sweat,1
5008,ğŸ”¥,fire,1
5009,â–¶ï¸,play button,1
5011,ğŸ“·,camera,1
5013,ğŸ†,trophy,1
5018,ğŸ‘,clapping hands,2
5019,ğŸ˜,smiling face with sunglasses,1
5020,ğŸ˜‚,face with tears of joy,1
5028,ğŸ“¸,camera with flash,1
5030,ğŸ‡®ğŸ‡¹,flag: Italy,1
5030,â™Ÿï¸,chess pawn,1
5069,ğŸ‘,clapping hands,3
5079,ğŸ˜†,grinning squinting face,1
5081,ğŸ¥°,smiling face with hearts,1
5086,ğŸº,beer mug,1
5086,ğŸ¥‚,clinking glasses,1
5092,ğŸ˜¢,crying face,1
5098,â¤ï¸,red heart,3
5098,ğŸ”¥,fire,3
5098,ğŸ˜‚,face with tears of joy,1
5114,ğŸ‡¦ğŸ‡¿,flag: Azerbaijan,1
5114,â™Ÿï¸,chess pawn,1
5114,âœğŸ»,writing hand: light skin tone,1
5119,ğŸŒŸ,glowing star,1
5119,ğŸ¤©,star-struck,1
5120,ğŸ˜,smiling face with sunglasses,1
5121,âš¡,high voltage,1
5127,ğŸ˜†,grinning squinting face,1
5129,ğŸ‘‡,backhand index pointing down,1
5132,ğŸ§,face with monocle,1
5136,ğŸ˜,smiling face with heart-eyes,1
5153,ğŸ’¥,collision,1
5161,ğŸ“·,camera,1
5164,ğŸ”¥,fire,1
5166,ğŸ”,magnifying glass tilted left,1
5166,ğŸ§,face with monocle,1
5166,â™Ÿï¸,chess pawn,1
5175,ğŸ“º,television,1
5175,ğŸ˜,smiling face with heart-eyes,1
5179,ğŸ“·,camera,1
5181,ğŸ“¸,camera with flash,1
5181,ğŸ‡¬ğŸ‡§,flag: United Kingdom,1
5181,ğŸ‘‰,backhand index pointing right,1
5199,âœ”ï¸,check mark,1
5199,ğŸ,volleyball,2
5199,âœ…,check mark button,6
5220,ğŸ¤©,star-struck,1
5227,â™Ÿï¸,chess pawn,1
5229,ğŸ’ª,flexed biceps,1
5232,ğŸ˜,beaming face with smiling eyes,1
5236,ğŸ™‡,person bowing,1
5236,â˜ï¸,index pointing up,1
5236,ğŸ˜‘,expressionless face,1
5253,ğŸ‘,clapping hands,4
5255,ğŸ“·,camera,1
5255,â—,red exclamation mark,1
5272,ğŸ””,bell,2
5272,ğŸ¥Š,boxing glove,1
5282,â™Ÿï¸,chess pawn,1
5286,ğŸ‡¬ğŸ‡§,flag: United Kingdom,1
5286,â™Ÿï¸,chess pawn,1
5287,ğŸ†,trophy,1
5287,â™Ÿï¸,chess pawn,1
5287,ğŸ¥‡,1st place medal,1
5287,âœï¸,writing hand,1
5292,ğŸŒ¡ï¸,thermometer,1
5300,ğŸ˜±,face screaming in fear,1
5303,ğŸ¤©,star-struck,1
5308,ğŸ™„,face with rolling eyes,1
5308,ğŸ˜’,unamused face,1
5311,ğŸ‘‰,backhand index pointing right,1
5336,â™Ÿ,chess pawn,1
5336,ğŸ“·,camera,1
5337,ğŸ˜‚,face with tears of joy,1
5340,ğŸš¨,police car light,1
5348,ğŸ˜’,unamused face,1
5355,ğŸ˜Š,smiling face with smiling eyes,1
5365,â—,red exclamation mark,1
5369,ğŸ˜‰,winking face,1
5369,ğŸ˜„,grinning face with smiling eyes,1
5372,ğŸ˜…,grinning face with sweat,1
5373,ğŸ˜Š,smiling face with smiling eyes,1
5373,â™Ÿï¸,chess pawn,1
5380,ğŸ“¸,camera with flash,1
5380,âœï¸,writing hand,1
5386,ğŸ“·,camera,1
5387,ğŸ˜,beaming face with smiling eyes,1
5389,â™Ÿï¸,chess pawn,1
5389,â€¼ï¸,double exclamation mark,1
5390,ğŸ“·,camera,1
5392,ğŸ“·,camera,1
5393,ğŸ‡ºğŸ‡¸,flag: United States,1
5395,ğŸ˜…,grinning face with sweat,1
5396,ğŸ”¥,fire,1
5415,â™Ÿï¸,chess pawn,1
5415,â—»ï¸,white medium square,1
5416,ğŸ”¥,fire,1
5429,â“,red question mark,1
5429,ğŸ˜‰,winking face,1
5429,ğŸ“·,camera,1
5442,ğŸ“¸,camera with flash,1
5449,ğŸ˜‚,face with tears of joy,1
5451,ğŸ‘‰,backhand index pointing right,1
5457,ğŸ˜‚,face with tears of joy,1
5458,ğŸ‘€,eyes,1
5458,ğŸ†,trophy,1
5460,â™Ÿï¸,chess pawn,1
5460,âœï¸,writing hand,1
5473,ğŸ¤”,thinking face,1
5484,ğŸ˜‚,face with tears of joy,1
5496,ğŸ¥³,partying face,2
5515,ğŸ“·,camera,1
5526,ğŸ¤£,rolling on the floor laughing,2
5528,ğŸ¤¯,exploding head,1
5528,ğŸ“·,camera,1
5541,ğŸ¤,handshake,1
5550,ğŸ“·,camera,1
5551,ğŸ‘€,eyes,1
5552,ğŸ’›,yellow heart,1
5552,ğŸ’™,blue heart,1
5558,ğŸ’ª,flexed biceps,1
5563,ğŸ˜”,pensive face,1
5563,ğŸ˜“,downcast face with sweat,2
5568,â¡ï¸,right arrow,1
5570,ğŸŒŸ,glowing star,2
5570,ğŸ”¥,fire,1
5574,ğŸ¤¯,exploding head,2
5577,ğŸ‘‰,backhand index pointing right,1
5583,ğŸ“·,camera,1
5587,ğŸ˜Š,smiling face with smiling eyes,2
5594,ğŸ¤´,prince,1
5602,ğŸ˜®,face with open mouth,1
5604,ğŸ“¸,camera with flash,1
5608,ğŸ‰,party popper,1
5608,ğŸ˜,smiling face with sunglasses,1
5611,ğŸ™‚,slightly smiling face,1
5612,ğŸ˜¯,hushed face,3
5612,ğŸ™Œ,raising hands,3
5619,ğŸ˜†,grinning squinting face,1
5619,ğŸ˜…,grinning face with sweat,2
5620,ğŸ™‚,slightly smiling face,1
5631,â™Ÿï¸,chess pawn,1
5631,ğŸ‡ªğŸ‡¬,flag: Egypt,1
5634,ğŸ”¥,fire,1
5641,ğŸ™ŒğŸ¼,raising hands: medium-light skin tone,1
5646,â£ï¸,heart exclamation,1
5649,ğŸ’”,broken heart,1
5651,ğŸ‘¨â€âœˆï¸,man pilot,1
5651,âœˆï¸,airplane,2
5657,â­,star,5
5670,ğŸ“·,camera,1
5687,ğŸ‘‰,backhand index pointing right,1
5687,ğŸ’¬,speech balloon,1
5687,ğŸ“·,camera,1
5688,ğŸ¤·â€â™€ï¸,woman shrugging,1
5689,ğŸ“·,camera,1
5690,ğŸ˜,beaming face with smiling eyes,1
5700,ğŸ”¥,fire,6
5704,ğŸ˜¶,face without mouth,1
5709,ğŸ“·,camera,1
5710,ğŸ‡³ğŸ‡¬,flag: Nigeria,1
5731,ğŸ“¸,camera with flash,1
5731,ğŸ‘‰,backhand index pointing right,1
5733,â¤µï¸,right arrow curving down,1
5737,ğŸ‘,thumbs up,1
5737,ğŸ‘,clapping hands,1
5737,ğŸ‘Œ,OK hand,1
5739,â¬‡ï¸,down arrow,1
5751,ğŸ‡¨ğŸ‡³,flag: China,1
5758,ğŸ§,face with monocle,1
5764,âœï¸,writing hand,1
5766,ğŸ¤¨,face with raised eyebrow,1
5769,ğŸ’¥,collision,1
5777,ğŸ‰,party popper,1
5777,â™Ÿ,chess pawn,1
5777,ğŸ“·,camera,1
5777,ğŸ‘‘,crown,1
5782,ğŸ’ªğŸ¾,flexed biceps: medium-dark skin tone,3
5787,ğŸ‘,clapping hands,1
5787,â™Ÿï¸,chess pawn,1
5787,ğŸ†,trophy,1
5796,ğŸ,goat,1
5808,ğŸ¥ƒ,tumbler glass,4
5814,ğŸ“·,camera,1
5818,ğŸ’”,broken heart,1
5821,ğŸ¤¯,exploding head,1
5824,âš ï¸,warning,1
5832,ğŸ“¸,camera with flash,1
5834,ğŸ˜š,kissing face with closed eyes,1
5834,ğŸ˜´,sleeping face,3
5834,ğŸ˜˜,face blowing a kiss,1
5834,ğŸ˜ª,sleepy face,3
5837,â™Ÿï¸,chess pawn,1
5837,ğŸ”¥,fire,1
5841,ğŸ¤²ğŸ¾,palms up together: medium-dark skin tone,1
5841,ğŸ•Š,dove,1
5841,â¤ï¸,red heart,1
5843,ğŸ˜‚,face with tears of joy,1
5844,âœï¸,writing hand,1
5844,ğŸ“¸,camera with flash,1
5844,â™Ÿï¸,chess pawn,1
5844,ğŸ¥‡,1st place medal,1
5844,ğŸ†,trophy,1
5857,â™Ÿï¸,chess pawn,1
5857,ğŸ˜,smiling face with sunglasses,1
5864,ğŸ¤,handshake,1
5887,â¤µï¸,right arrow curving down,2
5890,ğŸ˜‰,winking face,1
5897,ğŸ”¥,fire,1
5898,â™Ÿï¸,chess pawn,1
5899,ğŸ“·,camera,1
5901,ğŸ‘,thumbs up,1
5901,ğŸ“¸,camera with flash,1
5901,ğŸ†,trophy,1
5903,ğŸ’”,broken heart,1
5910,ğŸ‡¨ğŸ‡³,flag: China,1
5913,ğŸ“·,camera,3
5914,âœŒğŸ»,victory hand: light skin tone,1
5914,ğŸ“·,camera,1
5923,â™Ÿï¸,chess pawn,1
5926,âœ…,check mark button,4
5929,â™Ÿ,chess pawn,1
5929,ğŸ¥,movie camera,1
5933,ğŸ‡ºğŸ‡¸,flag: United States,1
5937,ğŸ˜,smiling face with sunglasses,1
5952,â™Ÿ,chess pawn,1
5952,ğŸ‘‡,backhand index pointing down,1
5953,ğŸ‘‘,crown,1
5956,ğŸš¨,police car light,1
5972,ğŸ˜€,grinning face,1
5972,ğŸ†,trophy,1
5972,ğŸ”¥,fire,1
5979,ğŸ’”,broken heart,1
5984,ğŸ’–,sparkling heart,1
5992,ğŸ‘‰,backhand index pointing right,1
5992,ğŸ“·,camera,1
5996,ğŸ˜,smiling face with sunglasses,1
5996,ğŸ˜,smiling face with heart-eyes,1
5999,âœŒï¸,victory hand,2
6003,ğŸ¤£,rolling on the floor laughing,1
6010,ğŸ›,place of worship,1
6010,ğŸ‘‘,crown,1
6011,ğŸ¤—,hugging face,1
6011,â™Ÿ,chess pawn,1
6015,â›”,no entry,2
6015,ğŸ,snake,1
6026,ğŸ˜­,loudly crying face,2
6034,âœï¸,writing hand,1
6038,ğŸ¤”,thinking face,1
6041,ğŸ”¥,fire,1
6041,ğŸ˜³,flushed face,1
6042,ğŸ”,TOP arrow,1
6042,ğŸŒ,globe showing Europe-Africa,1
6042,ğŸ‘ğŸ¼,clapping hands: medium-light skin tone,3
6047,ğŸ‘€,eyes,1
6047,ğŸ‘,thumbs up,1
6047,â™Ÿï¸,chess pawn,1
6047,ğŸ‘‘,crown,1
6047,ğŸ’¯,hundred points,1
6047,ğŸ‘,clapping hands,1
6055,ğŸ¤¬,face with symbols on mouth,1
6060,ğŸ’ª,flexed biceps,1
6063,ğŸ˜±,face screaming in fear,1
6070,ğŸ”¥,fire,1
6072,ğŸ¤ª,zany face,1
6083,ğŸ‡¨ğŸ‡³,flag: China,1
6083,ğŸ“·,camera,1
6091,â€¼ï¸,double exclamation mark,4
6095,ğŸ˜‚,face with tears of joy,1
6096,â¬…ï¸,left arrow,1
6096,â¡ï¸,right arrow,1
6113,ğŸ¤®,face vomiting,1
6115,ğŸ‡¿ğŸ‡¼,flag: Zimbabwe,2
6115,ğŸ”¥,fire,3
6122,ğŸ‡¬ğŸ‡­,flag: Ghana,1
6123,ğŸ‡¬ğŸ‡­,flag: Ghana,1
6130,â™Ÿ,chess pawn,1
6135,ğŸ¤´ğŸ½,prince: medium skin tone,1
6135,â™Ÿï¸,chess pawn,1
6135,ğŸ†,trophy,1
6135,â—,red exclamation mark,1
6146,ğŸ‘‡,backhand index pointing down,2
6162,ğŸ¥³,partying face,1
6168,ğŸ“·,camera,1
6173,ğŸ”¥,fire,1
6179,ğŸ”¥,fire,1
6186,ğŸ¤©,star-struck,1
6187,ğŸ’œ,purple heart,1
6188,ğŸ˜,smiling face with sunglasses,1
6193,ğŸŒ§ï¸,cloud with rain,3
6193,ğŸŒ,sun with face,1
6196,ğŸ˜‚,face with tears of joy,2
6197,ğŸ‘‰,backhand index pointing right,1
6197,ğŸ’¬,speech balloon,1
6197,ğŸ“·,camera,1
6203,ğŸ˜”,pensive face,2
6210,ğŸ’¦,sweat droplets,1
6210,ğŸ‘…,tongue,1
6210,ğŸ°,shortcake,1
6210,â¤ï¸,red heart,1
6210,ğŸ˜®â€ğŸ’¨,face exhaling,1
6210,ğŸ‚,birthday cake,1
6219,ğŸ¤´,prince,1
6225,ğŸ˜­,loudly crying face,1
6230,ğŸŒ¸,cherry blossom,1
6230,ğŸ‚,fallen leaf,2
6230,â¡ï¸,right arrow,1
6236,ğŸ™‹â€â™‚ï¸,man raising hand,1
6243,â¬…ï¸,left arrow,1
6243,â¡ï¸,right arrow,1
6253,ğŸ’¯,hundred points,1
6258,ğŸ“·,camera,1
6260,â›”,no entry,1
6260,â¤µï¸,right arrow curving down,2
6260,ğŸ™€,weary cat,1
6272,ğŸ’¦,sweat droplets,1
6277,ğŸ‘‰,backhand index pointing right,1
6292,ğŸ¥º,pleading face,1
6292,â¤ï¸,red heart,1
6294,ğŸ‘,clapping hands,1
6294,ğŸ†,trophy,1
6296,ğŸš¨,police car light,1
6302,ğŸ˜Š,smiling face with smiling eyes,1
6302,â™Ÿ,chess pawn,1
6302,ğŸ‘ğŸ½,thumbs up: medium skin tone,1
6303,ğŸ’”,broken heart,1
6320,ğŸ’¯,hundred points,1
6321,ğŸš´â€â™‚ï¸,man biking,1
6321,ğŸ‡ªğŸ‡¸,flag: Spain,1
6321,ğŸ†,trophy,1
6328,ğŸ˜‚,face with tears of joy,1
6328,ğŸ¤£,rolling on the floor laughing,2
6351,â¤µï¸,right arrow curving down,2
6368,ğŸ˜Œ,relieved face,1
6373,ğŸ¤£,rolling on the floor laughing,2
6374,ğŸ“·,camera,1
6378,ğŸ“¸,camera with flash,1
6381,ğŸ‘,clapping hands,1
6381,ğŸ’ª,flexed biceps,1
6387,ğŸ‘,clapping hands,1
6392,ğŸ™,folded hands,1
6392,ğŸ˜Š,smiling face with smiling eyes,1
6392,â¤ï¸,red heart,1
6392,ğŸ‡®ğŸ‡³,flag: India,1
6393,ğŸ‰,party popper,1
6393,ğŸ’°,money bag,1
6393,ğŸ‘‡,backhand index pointing down,1
6396,â©,fast-forward button,2
6396,â¬…ï¸,left arrow,1
6396,ğŸ˜ˆ,smiling face with horns,3
6402,ğŸ“·,camera,1
6406,ğŸ‘‘,crown,1
6415,â¬…ï¸,left arrow,1
6415,â¡ï¸,right arrow,1
6418,ğŸ”½,downwards button,1
6419,ğŸ’€,skull,1
6431,â¤µï¸,right arrow curving down,2
6434,ğŸ‘‘,crown,1
6437,ğŸš€,rocket,1
6437,ğŸ­,performing arts,1
6437,â˜ï¸,index pointing up,1
6443,ğŸŒ,globe showing Europe-Africa,1
6443,ğŸ†,trophy,1
6443,ğŸ”,TOP arrow,1
6446,ğŸ¤”,thinking face,1
6451,ğŸ‘,clapping hands,5
6451,ğŸ˜…,grinning face with sweat,1
6457,ğŸ‘‰,backhand index pointing right,1
6457,ğŸ‘ˆ,backhand index pointing left,1
6474,ğŸ˜«,tired face,1
6478,ğŸ‘‹,waving hand,1
6481,ğŸ†,trophy,3
6481,â™Ÿï¸,chess pawn,3
6481,ğŸ¥‡,1st place medal,3
6491,ğŸ‡¨ğŸ‡¾,flag: Cyprus,1
6495,ğŸ…,sports medal,6
6498,ğŸ‘,thumbs up,1
6498,ğŸ“¸,camera with flash,1
6498,â™Ÿï¸,chess pawn,1
6501,ğŸ‘,clapping hands,1
6501,ğŸ‡¨ğŸ‡³,flag: China,1
6501,â™Ÿï¸,chess pawn,1
6503,ğŸ¤¯,exploding head,1
6504,ğŸ’¯,hundred points,1
6506,â™Ÿï¸,chess pawn,1
6506,ğŸ†,trophy,1
6509,â¬‡ï¸,down arrow,1
6510,ğŸ˜,beaming face with smiling eyes,1
6512,ğŸ˜‰,winking face,1
6522,ğŸ¥³,partying face,3
6522,ğŸ’¯,hundred points,1
6522,ğŸ¾,bottle with popping cork,3
6522,ğŸ‚,birthday cake,4
6522,ğŸ·,wine glass,3
6526,ğŸ˜‰,winking face,1
6526,ğŸ˜…,grinning face with sweat,1
6527,ğŸ‡·ğŸ‡º,flag: Russia,1
6527,ğŸ‡ºğŸ‡¦,flag: Ukraine,1
6530,ğŸ¤¦ğŸ»â€â™‚ï¸,man facepalming: light skin tone,1
6540,ğŸ‘Œ,OK hand,1
6541,ğŸ˜,smiling face with heart-eyes,1
6542,ğŸ’•,two hearts,1
6547,ğŸ‘,clapping hands,3
6550,ğŸ¥²,smiling face with tear,1
6550,ğŸ‘ğŸ½,clapping hands: medium skin tone,3
6556,ğŸ“¸,camera with flash,1
6558,â™Ÿï¸,chess pawn,1
6558,ğŸ«,school,1
6583,ğŸ˜Š,smiling face with smiling eyes,1
6583,ğŸš€,rocket,1
6583,ğŸ’ªğŸ¾,flexed biceps: medium-dark skin tone,1
6584,ğŸ‡¨ğŸ‡³,flag: China,1
6584,â­,star,1
6584,â¡ï¸,right arrow,1
6584,âœï¸,writing hand,1
6585,â¤µï¸,right arrow curving down,2
6586,ğŸ†,trophy,1
6586,ğŸ’ªğŸ»,flexed biceps: light skin tone,1
6586,â³,hourglass not done,1
6586,ğŸ¥‡,1st place medal,1
6587,ğŸ¤·â€â™‚ï¸,man shrugging,1
6595,â¤µï¸,right arrow curving down,2
6596,â–¶ï¸,play button,1
6604,âœŠ,raised fist,1
6610,ğŸš€,rocket,1
6613,ğŸ˜‡,smiling face with halo,1
6614,ğŸ˜Š,smiling face with smiling eyes,1
6617,ğŸ™ğŸ»,folded hands: light skin tone,1
6618,ğŸ‘,clapping hands,1
6641,â¤µï¸,right arrow curving down,2
6650,ğŸ˜,smiling face with heart-eyes,1
6672,ğŸ˜€,grinning face,1
6673,â™¥ï¸,heart suit,1
6675,ğŸˆ,cat,1
6676,â™¥ï¸,heart suit,1
6680,â˜,index pointing up,1
6685,â™Ÿï¸,chess pawn,1
6692,ğŸ‡¬ğŸ‡­,flag: Ghana,1
6693,ğŸ“¸,camera with flash,1
6697,ğŸ¤©,star-struck,8
6706,ğŸ¥°,smiling face with hearts,1
6717,ğŸ“·,camera,1
6728,ğŸ¤©,star-struck,1
6730,ğŸ’”,broken heart,1
6732,ğŸŒ…,sunrise,1
6736,ğŸ‡¨ğŸ‡³,flag: China,1
6736,ğŸ†,trophy,1
6737,ğŸ˜¹,cat with tears of joy,1
6737,ğŸ¤£,rolling on the floor laughing,1
6737,ğŸ˜‚,face with tears of joy,1
6738,ğŸ˜‚,face with tears of joy,3
6740,ğŸ˜š,kissing face with closed eyes,1
6742,ğŸ‘,clapping hands,1
6743,ğŸ’¯,hundred points,1
6751,ğŸ¤,handshake,1
6751,ğŸ†,trophy,1
6751,ğŸ“·,camera,1
6754,ğŸ“¸,camera with flash,1
6754,ğŸ‘‰,backhand index pointing right,1
6758,ğŸ˜‚,face with tears of joy,1
6762,ğŸ‡³ğŸ‡®,flag: Nicaragua,1
6777,ğŸ‘€,eyes,1
6803,ğŸ˜‰,winking face,1
6804,ğŸ‘,thumbs up,1
6810,â¡ï¸,right arrow,1
6811,â™Ÿ,chess pawn,1
6838,â™Ÿï¸,chess pawn,1
6843,ğŸ¤”,thinking face,1
6849,ğŸ¥Š,boxing glove,1
6849,â­,star,1
6862,ğŸ§µ,thread,1
6863,ğŸ™,folded hands,1
6867,ğŸ¤”,thinking face,1
6882,â¤ï¸,red heart,1
6887,â™Ÿï¸,chess pawn,1
6887,ğŸš¨,police car light,1
6887,ğŸ’ª,flexed biceps,1
6887,âšª,white circle,1
6907,â¤µï¸,right arrow curving down,2
6914,ğŸ¥º,pleading face,1
6918,ğŸ”¥,fire,2
6924,ğŸ¤¯,exploding head,2
6932,ğŸ‡«ğŸ‡·,flag: France,1
6933,ğŸ†,trophy,1
6934,ğŸ˜‹,face savoring food,1
6934,ğŸ‘ŒğŸ¾,OK hand: medium-dark skin tone,1
6936,ğŸ˜‚,face with tears of joy,1
6937,ğŸ,pineapple,1
6937,ğŸ˜…,grinning face with sweat,1
6945,ğŸ‡·ğŸ‡º,flag: Russia,1
6945,ğŸ‡¨ğŸ‡³,flag: China,1
6949,ğŸ‘,thumbs up,1
6949,ğŸ“·,camera,1
6955,ğŸ¤“,nerd face,1
6956,ğŸ˜,smiling face with sunglasses,1
6961,ğŸ‘‰,backhand index pointing right,1
6961,ğŸ’¬,speech balloon,1
6961,ğŸ“·,camera,1
6962,ğŸ™Œ,raising hands,1
6964,ğŸ˜¹,cat with tears of joy,1
6970,â™Ÿï¸,chess pawn,1
6970,ğŸ–Šï¸,pen,1
6970,ğŸš¨,police car light,1
6972,ğŸ“·,camera,1
6979,ğŸ¤”,thinking face,1
6980,ğŸ¤,microphone,1
6980,â™Ÿï¸,chess pawn,1
6981,ğŸ¤£,rolling on the floor laughing,3
6985,ğŸ‡«ğŸ‡·,flag: France,1
6985,ğŸ‘‰,backhand index pointing right,1
6985,ğŸ¤©,star-struck,1
6990,â™Ÿï¸,chess pawn,1
7001,â™Ÿ,chess pawn,1
7009,ğŸ§©,puzzle piece,1
7012,ğŸ‘,clapping hands,1
7012,â¤ï¸,red heart,1
7022,ğŸ“·,camera,1
7041,ğŸ˜Š,smiling face with smiling eyes,1
7044,ğŸ¤­,face with hand over mouth,1
7050,ğŸ˜­,loudly crying face,1
7055,â™¥ï¸,heart suit,1
7055,ğŸ‘ğŸ¾,clapping hands: medium-dark skin tone,1
7061,ğŸ”¥,fire,1
7082,ğŸ˜,smiling face with heart-eyes,1
7083,ğŸ¤”,thinking face,1
7085,ğŸ”ª,kitchen knife,1
7085,ğŸ,chequered flag,1
7085,ğŸ˜±,face screaming in fear,1
7124,ğŸ‘‰,backhand index pointing right,1
7124,ğŸ”¥,fire,1
7131,â™Ÿ,chess pawn,1
7132,ğŸ˜,smiling face with heart-eyes,1
7139,ğŸ˜®â€ğŸ’¨,face exhaling,1
7140,ğŸ˜‰,winking face,1
7140,ğŸ˜„,grinning face with smiling eyes,1
7140,ğŸ˜†,grinning squinting face,1
7146,ğŸ’™,blue heart,1
7147,ğŸ˜Š,smiling face with smiling eyes,1
7148,â™Ÿï¸,chess pawn,1
7148,â¤ï¸,red heart,1
7148,ğŸ”,TOP arrow,1
7152,â™Ÿï¸,chess pawn,1
7158,ğŸ¤¯,exploding head,1
7161,ğŸ“·,camera,1
7163,â™Ÿï¸,chess pawn,1
7168,ğŸ˜³,flushed face,1
7170,ğŸ˜¬,grimacing face,2
7178,ğŸ˜œ,winking face with tongue,1
7179,ğŸ“¸,camera with flash,1
7180,ğŸ’¯,hundred points,1
7180,ğŸ˜,smiling face with sunglasses,1
7184,ğŸ’¯,hundred points,1
7186,ğŸ“·,camera,1
7192,ğŸ‘‹,waving hand,1
7195,â¤µï¸,right arrow curving down,2
7207,ğŸ˜€,grinning face,1
7208,â™Ÿ,chess pawn,1
7208,ğŸ’¬,speech balloon,1
7208,ğŸ“·,camera,1
7217,ğŸ‡ªğŸ‡¨,flag: Ecuador,1
7218,ğŸ¤·â€â™‚ï¸,man shrugging,1
7220,ğŸ§µ,thread,1
7227,â˜•,hot beverage,1
7228,ğŸ¥³,partying face,1
7229,ğŸ˜†,grinning squinting face,1
7235,ğŸ˜œ,winking face with tongue,1
7237,ğŸ‰,dragon,1
7237,ğŸ™ŒğŸ»,raising hands: light skin tone,1
7250,ğŸ‘Œ,OK hand,1
7254,ğŸ“¢,loudspeaker,1
7254,ğŸ†,trophy,1
7254,ğŸ‘‘,crown,1
7256,â›”,no entry,1
7256,â™Ÿ,chess pawn,1
7256,ğŸ“¸,camera with flash,1
7261,âœ…,check mark button,1
7262,ğŸ™‚,slightly smiling face,1
7262,ğŸ™ƒ,upside-down face,1
7263,â™Ÿï¸,chess pawn,1
7267,ğŸ’¯,hundred points,1
7268,ğŸ“·,camera,1
7269,ğŸ˜‹,face savoring food,1
7270,ğŸ‘‡,backhand index pointing down,1
7270,ğŸ“·,camera,1
7273,ğŸš¨,police car light,1
7273,ğŸ¤¯,exploding head,3
7275,ğŸ¤¯,exploding head,1
7280,ğŸ”¥,fire,1
7280,ğŸ˜,smiling face with heart-eyes,1
7281,â™Ÿï¸,chess pawn,1
7282,ğŸ¤”,thinking face,1
7296,â™Ÿ,chess pawn,1
7296,ğŸ‡«ğŸ‡·,flag: France,1
7300,ğŸ”¥,fire,2
7306,â¬‡ï¸,down arrow,1
7309,â™Ÿï¸,chess pawn,1
7310,â™Ÿ,chess pawn,1
7310,ğŸ¥,movie camera,1
7322,ğŸ”¥,fire,1
7323,ğŸ˜,smirking face,1
7330,ğŸ’¥,collision,2
7330,ğŸ“¸,camera with flash,1
7330,ğŸ‘ğŸ»,clapping hands: light skin tone,4
7334,ğŸ™,folded hands,1
7334,ğŸ˜‚,face with tears of joy,1
7336,ğŸ“¸,camera with flash,1
7336,ğŸ‘‰,backhand index pointing right,1
7341,ğŸ“·,camera,1
7349,ğŸ™,folded hands,1
7361,ğŸ‘‰,backhand index pointing right,1
7361,ğŸ“·,camera,1
7366,ğŸ”¥,fire,3
7367,ğŸ‘‰,backhand index pointing right,1
7367,ğŸ’¬,speech balloon,1
7367,ğŸ“·,camera,1
7370,â™Ÿï¸,chess pawn,1
7372,ğŸ§™,mage,1
7373,ğŸ¤ª,zany face,1
7382,ğŸ™,folded hands,1
7384,ğŸ¤,crossed fingers,1
7385,ğŸ“¸,camera with flash,1
7385,â™Ÿ,chess pawn,1
7385,ğŸ”¥,fire,1
7385,âŒ›,hourglass done,1
7404,ğŸ˜…,grinning face with sweat,1
7410,ğŸ˜‚,face with tears of joy,1
7411,ğŸ’¯,hundred points,1
7412,ğŸ˜…,grinning face with sweat,2
7422,ğŸ‘,clapping hands,2
7425,âœ‹,raised hand,2
7425,â¤ï¸,red heart,1
7425,ğŸ’”,broken heart,1
7426,ğŸ‘‘,crown,1
7438,ğŸ“·,camera,1
7439,ğŸš¨,police car light,1
7446,ğŸ”¥,fire,4
7449,ğŸ†,trophy,1
7459,ğŸ‘,clapping hands,1
7461,ğŸ¤©,star-struck,2
7466,ğŸ‘‰,backhand index pointing right,1
7466,ğŸ’¬,speech balloon,1
7466,ğŸ“·,camera,1
7472,â™Ÿï¸,chess pawn,1
7473,ğŸ”¥,fire,1
7477,ğŸ˜”,pensive face,1
7477,ğŸ¤¯,exploding head,1
7491,ğŸ‘‰,backhand index pointing right,1
7491,ğŸ“·,camera,1
7498,ğŸ˜…,grinning face with sweat,1
7504,ğŸ‡ºğŸ‡¸,flag: United States,1
7505,ğŸ‡¬ğŸ‡­,flag: Ghana,1
7508,ğŸš¨,police car light,1
7510,ğŸ“¸,camera with flash,1
7510,ğŸ‘‰,backhand index pointing right,1
7510,ğŸ’¬,speech balloon,1
7512,ğŸ‡¬ğŸ‡§,flag: United Kingdom,1
7531,ğŸ˜,smiling face with heart-eyes,1
7538,ğŸ¥´,woozy face,1
7539,ğŸ“·,camera,1
7542,ğŸ“·,camera,1
7546,ğŸš¨,police car light,3
7548,â™Ÿï¸,chess pawn,1
7549,ğŸ™ƒ,upside-down face,1
7551,ğŸ˜…,grinning face with sweat,1
7561,ğŸ§,face with monocle,1
7562,ğŸ˜¬,grimacing face,1
7575,ğŸ˜¢,crying face,1
7578,â¤,red heart,1
7584,ğŸš¨,police car light,1
7589,ğŸ˜,beaming face with smiling eyes,1
7589,â¤ï¸,red heart,1
7589,ğŸ¿,popcorn,1
7594,ğŸ™ï¸,studio microphone,1
7594,âš¡,high voltage,1
7597,ğŸ’”,broken heart,1
7599,ğŸ“·,camera,1
7602,â¤ï¸,red heart,1
7605,ğŸ“·,camera,1
7605,ğŸ’”,broken heart,1
7609,ğŸ‘,clapping hands,1
7611,ğŸ˜„,grinning face with smiling eyes,2
7619,ğŸ˜¥,sad but relieved face,1
7624,ğŸ‘‘,crown,1
7637,ğŸ˜‰,winking face,1
7640,ğŸ‘‰,backhand index pointing right,1
7640,ğŸ“·,camera,1
7640,ğŸ¤”,thinking face,1
7641,ğŸ’”,broken heart,1
7643,ğŸ“·,camera,1
7647,ğŸ˜‰,winking face,1
7660,ğŸ˜ƒ,grinning face with big eyes,1
7661,ğŸ˜‚,face with tears of joy,1
7662,ğŸ˜„,grinning face with smiling eyes,1
7667,ğŸ¤´ğŸ»,prince: light skin tone,1
7672,â™Ÿï¸,chess pawn,1
7672,ğŸ»,bear,1
7673,ğŸ˜,smiling face with heart-eyes,1
7674,ğŸ¤£,rolling on the floor laughing,1
7678,ğŸ˜’,unamused face,1
7678,ğŸ˜‚,face with tears of joy,1
7694,ğŸ,goat,1
7694,â™Ÿï¸,chess pawn,1
7695,ğŸ“·,camera,1
7717,ğŸ˜,smirking face,1
7720,ğŸ’¢,anger symbol,1
7724,ğŸ˜”,pensive face,1
7736,â†–,up-left arrow,1
7736,ğŸ˜µâ€ğŸ’«,face with spiral eyes,1
7736,ğŸ¤˜,sign of the horns,2
7736,ğŸ‘•,t-shirt,1
7736,ğŸ‘‰,backhand index pointing right,1
7736,ğŸ‘–,jeans,1
7745,ğŸ“¸,camera with flash,1
7745,âœï¸,writing hand,1
7751,ğŸ€,four leaf clover,1
7752,ğŸ™‚,slightly smiling face,1
7752,ğŸ˜‰,winking face,1
7752,ğŸ™ƒ,upside-down face,1
7754,â™Ÿï¸,chess pawn,1
7754,â—»ï¸,white medium square,1
7755,â¡ï¸,right arrow,1
7759,ğŸ˜®,face with open mouth,1
7768,â¤ï¸,red heart,1
7777,ğŸ™ï¸,studio microphone,1
7778,ğŸ¥°,smiling face with hearts,2
7779,ğŸ‡·ğŸ‡º,flag: Russia,1
7779,ğŸ‡¨ğŸ‡³,flag: China,1
7781,ğŸ”¥,fire,1
7782,ğŸ¤”,thinking face,1
7788,ğŸ“£,megaphone,1
7791,ğŸ™ğŸ»,folded hands: light skin tone,1
7801,ğŸ’ª,flexed biceps,1
7801,ğŸ˜‚,face with tears of joy,1
7816,ğŸ“·,camera,1
7817,ğŸ˜‚,face with tears of joy,1
7822,â™Ÿï¸,chess pawn,1
7826,ğŸ˜,smiling face with heart-eyes,1
7830,ğŸ˜²,astonished face,1
7833,ğŸ˜‡,smiling face with halo,1
7834,ğŸ˜µâ€ğŸ’«,face with spiral eyes,1
7838,â™Ÿï¸,chess pawn,1
7838,â€¼ï¸,double exclamation mark,1
7839,ğŸ˜ª,sleepy face,1
7840,ğŸ“·,camera,1
7844,ğŸ˜‚,face with tears of joy,2
7847,ğŸ“·,camera,1
7849,ğŸ¤£,rolling on the floor laughing,1
7851,ğŸ”¥,fire,1
7859,â¬‡ï¸,down arrow,1
7861,â¬‡ï¸,down arrow,1
7862,ğŸ™ï¸,studio microphone,1
7862,â™Ÿ,chess pawn,1
7862,ğŸ”¹,small blue diamond,2
7862,ğŸ†,trophy,1
7864,ğŸ˜‚,face with tears of joy,1
7866,âœŠ,raised fist,1
7871,ğŸ“£,megaphone,1
7879,ğŸ‘Œ,OK hand,1
7880,ğŸ’¯,hundred points,1
7880,ğŸ”¥,fire,1
7881,â™Ÿï¸,chess pawn,1
7891,ğŸ–¤,black heart,1
7891,ğŸ˜,beaming face with smiling eyes,1
7891,â™Ÿï¸,chess pawn,1
7892,ğŸ“·,camera,1
7896,â™Ÿï¸,chess pawn,1
7896,â—»ï¸,white medium square,1
7898,â™Ÿï¸,chess pawn,1
7906,ğŸ‘,clapping hands,1
7906,ğŸ˜‚,face with tears of joy,1
7907,ğŸ“·,camera,1
7919,ğŸ˜…,grinning face with sweat,1
7944,ğŸ‘Œ,OK hand,3
7945,â™Ÿï¸,chess pawn,1
7945,ğŸ”¥,fire,1
7955,ğŸ˜,beaming face with smiling eyes,1
7957,ğŸ¥‰,3rd place medal,1
7957,ğŸ¥‡,1st place medal,1
7957,ğŸ¥ˆ,2nd place medal,1
7960,ğŸ˜±,face screaming in fear,3
7962,ğŸ˜,smiling face with sunglasses,1
7966,ğŸ¥²,smiling face with tear,1
7966,ğŸ˜“,downcast face with sweat,1
7967,â™Ÿ,chess pawn,1
7967,ğŸ“·,camera,1
7977,ğŸ˜,smiling face with sunglasses,1
7983,ğŸ˜­,loudly crying face,1
7983,ğŸ’”,broken heart,2
7985,âœ…,check mark button,1
7991,ğŸŸ,fish,1
7997,ğŸ˜,smirking face,1
7999,ğŸ’«,dizzy,1
8000,ğŸ‘‘,crown,1
8001,ğŸ¤¯,exploding head,1
8001,ğŸ”¥,fire,1
8015,ğŸ—£ï¸,speaking head,1
8015,ğŸ¤™,call me hand,1
8017,â¬…ï¸,left arrow,1
8017,â¡ï¸,right arrow,1
8019,ğŸ¥Š,boxing glove,1
8031,ğŸ†,trophy,1
8036,ğŸ‘‰ğŸ½,backhand index pointing right: medium skin tone,1
8049,â™¥ï¸,heart suit,1
8060,â¤ï¸,red heart,1
8089,ğŸ¥‹,martial arts uniform,1
8089,ğŸ‡¨ğŸ‡³,flag: China,1
8089,ğŸ“–,open book,1
8089,ğŸ¤ª,zany face,1
8089,ğŸ¤´ğŸ½,prince: medium skin tone,1
8089,â™Ÿï¸,chess pawn,2
8089,â—,red exclamation mark,2
8089,ğŸ¥,movie camera,1
8089,ğŸ†,trophy,1
8092,ğŸ†,trophy,1
8092,ğŸ“·,camera,1
8098,â™Ÿï¸,chess pawn,1
8105,ğŸ˜ƒ,grinning face with big eyes,1
8118,ğŸš¨,police car light,1
8124,ğŸ¤”,thinking face,1
8128,â™Ÿï¸,chess pawn,1
8129,ğŸ¤”,thinking face,2
8134,ğŸ©,top hat,3
8134,ğŸ‘ŠğŸ»,oncoming fist: light skin tone,3
8137,ğŸ•µï¸â€â™‚ï¸,man detective,1
8150,ğŸ‡¬ğŸ‡­,flag: Ghana,1
8153,ğŸ‡¨ğŸ‡³,flag: China,1
8153,â™Ÿï¸,chess pawn,1
8153,ğŸ¥‡,1st place medal,1
8160,ğŸ‘‰,backhand index pointing right,1
8160,ğŸš¨,police car light,1
8194,ğŸ•Šï¸,dove,1
8196,ğŸ‘,clapping hands,1
8199,ğŸ˜­,loudly crying face,1
8199,ğŸ’€,skull,1
8202,âœ”ï¸,check mark,1
8202,â¤ï¸,red heart,1
8202,ğŸ™,folded hands,3
8202,ğŸ”¥,fire,4
8212,ğŸ“¸,camera with flash,1
8213,ğŸ›,place of worship,1
8213,ğŸ™Œ,raising hands,1
8218,ğŸ‘‘,crown,1
8222,ğŸ˜³,flushed face,1
8227,ğŸ˜,beaming face with smiling eyes,1
8235,ğŸ‰,party popper,1
8235,ğŸ—£ï¸,speaking head,1
8235,ğŸ¾,bottle with popping cork,1
8241,ğŸ§ ,brain,1
8241,â™Ÿï¸,chess pawn,1
8241,ğŸ™ŒğŸ»,raising hands: light skin tone,1
8241,ğŸ’,bouquet,1
8242,ğŸ¥Š,boxing glove,1
8242,ğŸ‘ğŸ¼,clapping hands: medium-light skin tone,1
8249,ğŸ‘,clapping hands,2
8255,ğŸ’–,sparkling heart,1
8255,ğŸ™ŒğŸ»,raising hands: light skin tone,1
8256,ğŸ’¯,hundred points,1
8264,ğŸ˜,disappointed face,1
8264,ğŸ’”,broken heart,1
8265,ğŸ‘‘,crown,1
8271,ğŸ’¥,collision,2
8271,ğŸ’ª,flexed biceps,2
8276,ğŸ˜„,grinning face with smiling eyes,1
8287,ğŸ‡¨ğŸ‡³,flag: China,1
8304,ğŸ†,trophy,1
8307,ğŸ¥°,smiling face with hearts,1
8307,ğŸ’•,two hearts,1
8309,ğŸŒº,hibiscus,1
8315,ğŸ“·,camera,1
8317,â™Ÿï¸,chess pawn,1
8321,ğŸª,cookie,1
8325,ğŸ“·,camera,1
8329,ğŸ˜‚,face with tears of joy,3
8337,ğŸ˜,smiling face with sunglasses,1
8339,ğŸ˜,smiling face with sunglasses,1
8351,ğŸ†,trophy,1
8353,ğŸµ,musical note,1
8355,ğŸ˜Š,smiling face with smiling eyes,1
8356,ğŸ“¸,camera with flash,1
8356,ğŸš€,rocket,1
8360,ğŸ¥º,pleading face,1
8360,â˜€ï¸,sun,1
8360,ğŸ’¯,hundred points,1
8360,ğŸ™,folded hands,1
8364,ğŸ˜´,sleeping face,3
8364,ğŸ˜‚,face with tears of joy,3
8366,â™Ÿï¸,chess pawn,1
8369,ğŸ˜‰,winking face,1
8373,âœ¨,sparkles,1
8382,âœ…,check mark button,3
8382,âš¡,high voltage,2
8391,â™Ÿï¸,chess pawn,1
8398,ğŸ¯,bullseye,1
8400,ğŸ‘,clapping hands,3
8404,ğŸ˜Š,smiling face with smiling eyes,1
8420,ğŸ‡¨ğŸ‡³,flag: China,1
8420,ğŸ‡¦ğŸ‡¿,flag: Azerbaijan,1
8420,ğŸ‡ºğŸ‡²,flag: U.S. Outlying Islands,1
8420,ğŸ‡²ğŸ‡½,flag: Mexico,1
8420,ğŸ‡®ğŸ‡¹,flag: Italy,1
8426,ğŸ‡¬ğŸ‡­,flag: Ghana,1
8432,ğŸ˜²,astonished face,1
8436,ğŸ˜µ,knocked-out face,1
8441,âœï¸,writing hand,1
8449,â¤µï¸,right arrow curving down,1
8450,ğŸ˜¢,crying face,1
8454,âš”ï¸,crossed swords,1
8461,ğŸ§¨,firecracker,1
8461,ğŸ¤¯,exploding head,2
8465,ğŸ‘€,eyes,1
8471,ğŸš¨,police car light,1
8475,ğŸ‘,clapping hands,1
8475,ğŸ†,trophy,1
8476,ğŸ˜‚,face with tears of joy,1
8479,â™Ÿï¸,chess pawn,1
8479,ğŸ¥³,partying face,4
8481,âš½,soccer ball,1
8481,ğŸ…,sports medal,1
8481,ğŸ¥…,goal net,1
8481,ğŸ,goat,1
8481,ğŸ†,trophy,1
8482,ğŸ‰,party popper,3
8482,â™Ÿï¸,chess pawn,1
8482,ğŸ’,bouquet,3
8484,ğŸ‘,clapping hands,1
8494,ğŸ€,four leaf clover,1
8494,â˜•,hot beverage,1
8494,â™Ÿï¸,chess pawn,1
8495,ğŸ“·,camera,1
8503,ğŸ’¯,hundred points,1
8518,ğŸ˜,smiling face with heart-eyes,1
8519,ğŸ’¡,light bulb,1
8519,ğŸ‡¿ğŸ‡²,flag: Zambia,1
8522,ğŸ‡¦ğŸ‡·,flag: Argentina,1
8536,ğŸ†,trophy,1
8547,ğŸ“·,camera,1
8552,ğŸ»,light skin tone,1
8552,ğŸ¨,artist palette,1
8571,ğŸ‡µğŸ‡ª,flag: Peru,1
8571,â™Ÿï¸,chess pawn,1
8571,ğŸ†,trophy,1
8571,ğŸ“·,camera,1
8573,ğŸ‡µğŸ‡ª,flag: Peru,1
8576,ğŸ˜‰,winking face,1
8576,ğŸ‘‘,crown,1
8577,â™Ÿï¸,chess pawn,1
8586,â™Ÿ,chess pawn,1
8588,ğŸ˜­,loudly crying face,1
8589,ğŸ’¯,hundred points,1
8590,ğŸ‘‰,backhand index pointing right,1
8590,ğŸ“·,camera,1
8596,ğŸ¤”,thinking face,1
8608,ğŸ“·,camera,1
8621,ğŸ¤©,star-struck,1
8624,ğŸ‡³ğŸ‡´,flag: Norway,1
8624,ğŸ˜°,anxious face with sweat,1
8624,ğŸ•š,eleven oâ€™clock,1
8625,ğŸ¤£,rolling on the floor laughing,1
8628,ğŸ’ª,flexed biceps,1
8628,ğŸ†,trophy,1
8628,ğŸ‘‘,crown,1
8629,ğŸ†,trophy,1
8651,â™¥,heart suit,1
8651,â™£,club suit,1
8651,â™ ,spade suit,1
8651,â™¦,diamond suit,1
8655,ğŸ˜‚,face with tears of joy,2
8659,ğŸ‘ğŸ¼,thumbs up: medium-light skin tone,1
8663,ğŸ´,horse face,1
8666,ğŸ˜­,loudly crying face,1
8667,ğŸ˜Š,smiling face with smiling eyes,1
8668,ğŸ‘,eye,1
8669,ğŸ‡°ğŸ‡¿,flag: Kazakhstan,1
8669,ğŸ‡®ğŸ‡³,flag: India,1
8685,ğŸ‘ğŸ¼,thumbs up: medium-light skin tone,1
8685,ğŸ™ğŸ¼,folded hands: medium-light skin tone,1
8685,ğŸŒº,hibiscus,1
8690,ğŸ‘,clapping hands,1
8690,â¤,red heart,1
8696,ğŸ‡°ğŸ‡¿,flag: Kazakhstan,1
8699,ğŸ‡¦ğŸ‡ª,flag: United Arab Emirates,1
8701,ğŸ¸,frog,1
8704,â¡ï¸,right arrow,1
8704,âœï¸,writing hand,1
8710,â¡ï¸,right arrow,1
8710,âœï¸,writing hand,1
8722,ğŸ‘‡,backhand index pointing down,2
8726,ğŸ¤£,rolling on the floor laughing,3
8728,â¤µï¸,right arrow curving down,2
8733,ğŸ˜‚,face with tears of joy,1
8736,ğŸ˜,beaming face with smiling eyes,1
8756,ğŸ§µ,thread,1
8758,ğŸ‡ºğŸ‡¸,flag: United States,1
8760,â™Ÿ,chess pawn,1
8760,ğŸ¥,movie camera,1
8778,ğŸ‘‰,backhand index pointing right,1
8778,ğŸ“·,camera,1
8792,ğŸ¤£,rolling on the floor laughing,3
8793,ğŸ’š,green heart,2
8794,â¬‡ï¸,down arrow,1
8794,ğŸŒ,sun with face,1
8794,ğŸ¾,bottle with popping cork,1
8796,â™Ÿï¸,chess pawn,1
8796,ğŸ‡ªğŸ‡¬,flag: Egypt,1
8797,â¤ï¸,red heart,1
8801,ğŸ˜‰,winking face,1
8801,ğŸ‡ºğŸ‡¦,flag: Ukraine,1
8801,ğŸ”¥,fire,1
8822,â™¥ï¸,heart suit,1
8833,ğŸ˜‚,face with tears of joy,1
8834,ğŸ‡¨ğŸ‡´,flag: Colombia,1
8834,ğŸ‡®ğŸ‡³,flag: India,1
8836,â™Ÿï¸,chess pawn,1
8837,ğŸ˜,smiling face with sunglasses,1
8838,ğŸ˜,beaming face with smiling eyes,1
8863,ğŸ’ª,flexed biceps,1
8863,ğŸ’™,blue heart,1
8863,ğŸ’›,yellow heart,1
8868,ğŸ”¥,fire,1
8876,ğŸš¨,police car light,1
8876,ğŸŒ,globe showing Europe-Africa,1
8882,ğŸ‘§,girl,1
8884,â™¥ï¸,heart suit,1
8886,ğŸ‘¸ğŸ¼,princess: medium-light skin tone,1
8896,ğŸ˜ƒ,grinning face with big eyes,1
8898,ğŸ“¸,camera with flash,1
8898,âœï¸,writing hand,1
8899,ğŸ§µ,thread,1
8907,ğŸ‡®ğŸ‡³,flag: India,1
8914,ğŸ˜“,downcast face with sweat,1
8934,â€¼ï¸,double exclamation mark,1
8938,ğŸ’¯,hundred points,1
8940,â™Ÿï¸,chess pawn,1
8943,â¤ï¸,red heart,1
8943,ğŸ””,bell,1
8943,ğŸ’,revolving hearts,1
8943,ğŸ‘‰,backhand index pointing right,2
8944,â¤ï¸,red heart,1
8944,ğŸ””,bell,1
8944,ğŸ’,revolving hearts,1
8944,ğŸ‘‰,backhand index pointing right,2
8946,â¤ï¸,red heart,1
8946,ğŸ””,bell,1
8946,ğŸ’,revolving hearts,1
8946,ğŸ‘‰,backhand index pointing right,2
8948,â™Ÿï¸,chess pawn,1
8949,ğŸ¤“,nerd face,1
8954,âœ¨,sparkles,1
8954,â™Ÿï¸,chess pawn,1
8958,ğŸ¤£,rolling on the floor laughing,1
8958,ğŸ‘–,jeans,2
8959,ğŸ‘ ,high-heeled shoe,1
8962,ğŸ’¯,hundred points,3
8967,ğŸ™„,face with rolling eyes,1
8967,ğŸ˜‘,expressionless face,1
8968,ğŸ§ ,brain,1
8972,ğŸ™ğŸ¾,folded hands: medium-dark skin tone,1
8974,â¤ï¸,red heart,1
8974,ğŸ””,bell,1
8974,ğŸ’€,skull,2
8974,ğŸ˜‚,face with tears of joy,1
8975,â™Ÿï¸,chess pawn,1
8976,â™Ÿï¸,chess pawn,1
8978,â™Ÿï¸,chess pawn,1
8979,ğŸŒŸ,glowing star,1
8979,â™Ÿ,chess pawn,1
8979,ğŸ†,trophy,1
8979,ğŸ”¥,fire,1
8984,ğŸ™ğŸ¾,folded hands: medium-dark skin tone,1
8985,ğŸ§ ,brain,1
8986,ğŸ—¿,moai,1
8986,â™Ÿï¸,chess pawn,3
8989,âœ¨,sparkles,2
8989,ğŸ’•,two hearts,2
8990,ğŸ¥³,partying face,3
8990,â€¼ï¸,double exclamation mark,2
8991,ğŸ”º,red triangle pointed up,2
8991,âŒ,cross mark,1
8991,â—,red exclamation mark,2
8992,ğŸ™ğŸ¾,folded hands: medium-dark skin tone,1
8993,Â©,copyright,1
8993,ğŸ‘†,backhand index pointing up,1
8993,ğŸŒ,globe showing Americas,1
8994,ğŸ‘¥,busts in silhouette,1
8994,â™Ÿ,chess pawn,1
8994,â¡,right arrow,1
8994,ğŸ¤™,call me hand,1
8995,â¬†ï¸,up arrow,1
8996,â™Ÿ,chess pawn,2
8996,ğŸˆ,balloon,1
8996,â±,stopwatch,1
8996,ğŸ“Œ,pushpin,7
8996,ğŸ†,trophy,1
8998,ğŸ”Š,speaker high volume,1
8999,â™Ÿï¸,chess pawn,1
8999,ğŸ¨,artist palette,1
9001,ğŸ˜«,tired face,1
9004,â™Ÿï¸,chess pawn,1
9004,ğŸ˜…,grinning face with sweat,1
9008,ğŸ˜…,grinning face with sweat,1
9008,ğŸ¤–,robot,1
9013,ğŸ§,face with monocle,1
9013,â™Ÿï¸,chess pawn,1
9014,ğŸ”´,red circle,1
9014,âœ…,check mark button,2
9014,â˜‘ï¸,check box with check,2
9015,ğŸ”¥,fire,1
9016,â™Ÿï¸,chess pawn,1
9021,â™Ÿï¸,chess pawn,1
9022,â¬…,left arrow,1
9022,ğŸ‘‡,backhand index pointing down,2
9022,ğŸ‡¨ğŸ‡·,flag: Costa Rica,1
9023,ğŸ˜,smiling face with sunglasses,1
9023,ğŸ‡§ğŸ‡·,flag: Brazil,1
9023,ğŸ‡ªğŸ‡¸,flag: Spain,1
9023,ğŸ‘¸,princess,1
9023,ğŸ‘‰,backhand index pointing right,2
9024,ğŸŒŸ,glowing star,1
9024,âœ¨,sparkles,1
9024,ğŸ’»,laptop,2
9024,ğŸš€,rocket,1
9024,ğŸ“–,open book,2
9024,ğŸ—£ï¸,speaking head,1
9024,â™Ÿï¸,chess pawn,1
9024,â—,divide,1
9024,ğŸ–¥ï¸,desktop computer,1
9024,ğŸ“,telephone receiver,1
9024,ğŸ‘©ğŸ»â€ğŸ’»,woman technologist: light skin tone,1
9024,ğŸ¨,artist palette,1
9024,ğŸ§˜ğŸ»â€â™€ï¸,woman in lotus position: light skin tone,1
9024,ğŸµ,musical note,1
9024,ğŸ“§,e-mail,1
9024,ğŸŒ,sun with face,1
9034,ğŸ¨,artist palette,1
9034,ğŸ–Œï¸,paintbrush,1
9039,ğŸ™€,weary cat,1
9046,ğŸ˜‚,face with tears of joy,2
9048,ğŸš«,prohibited,1
9049,ğŸ¤ª,zany face,1
9049,ğŸ‘‰ğŸ½,backhand index pointing right: medium skin tone,1
9049,â™Ÿï¸,chess pawn,1
9049,ğŸ¤¯,exploding head,1
9050,â“,red question mark,1
9050,â™Ÿ,chess pawn,1
9050,ğŸ¡,house with garden,1
9050,ğŸ¦´,bone,1
9050,ğŸª„,magic wand,1
9050,ğŸ–¼,framed picture,1
9050,ğŸ“,round pushpin,7
9050,âš”ï¸,crossed swords,1
9050,ğŸ™,cityscape,1
9050,ğŸ§©,puzzle piece,1
9050,â˜ï¸,telephone,1
9050,ğŸ»,light skin tone,2
9050,ğŸ‘‡ğŸ»,backhand index pointing down: light skin tone,1
9050,â€¼ï¸,double exclamation mark,1
9051,ğŸ™‚,slightly smiling face,1
9054,â™Ÿï¸,chess pawn,1
9055,ğŸŠ,confetti ball,1
9056,âœ¨,sparkles,2
9059,â™Ÿï¸,chess pawn,1
9059,ğŸ™,folded hands,1
9060,ğŸ™Œ,raising hands,1
9060,ğŸ’ª,flexed biceps,1
9060,ğŸ˜¤,face with steam from nose,1
9061,ğŸ‘ï¸,eye,1
9061,ğŸ‡©ğŸ‡ª,flag: Germany,1
9061,ğŸ’•,two hearts,1
9062,âœ…,check mark button,10
9062,ğŸ‘€,eyes,1
9062,ğŸ“¸,camera with flash,1
9062,ğŸ¤¯,exploding head,1
9062,ğŸ˜,smiling face with heart-eyes,1
9062,ğŸ”¥,fire,1
9062,ğŸ’ª,flexed biceps,1
9062,ğŸ‘‰,backhand index pointing right,1
9062,â€¼ï¸,double exclamation mark,1
9066,ğŸŒŸ,glowing star,2
9066,ğŸ“,round pushpin,2
9067,ğŸ‘,thumbs up,1
9067,ğŸ“©,envelope with arrow,1
9067,ğŸ’¬,speech balloon,1
9067,ğŸ—¿,moai,3
9067,â¬‡ï¸,down arrow,3
9069,â˜ºï¸,smiling face,1
9069,ğŸ™ğŸ¼,folded hands: medium-light skin tone,1
9070,ğŸ•,pizza,1
9070,âš½,soccer ball,1
9072,â™Ÿ,chess pawn,1
9074,ğŸ’€,skull,3
9078,ğŸ”¥,fire,1
9080,ğŸ˜‹,face savoring food,1
9080,âŒ,cross mark,1
9080,ğŸ˜™,kissing face with smiling eyes,1
9082,ğŸ‘ŒğŸ»,OK hand: light skin tone,1
9083,ğŸ‘Œ,OK hand,1
9083,ğŸ¤Ÿ,love-you gesture,1
9083,ğŸ”¥,fire,1
9084,â¤ï¸,red heart,1
9084,ğŸ‡¹ğŸ‡·,flag: Turkey,8
9084,ğŸ‘ğŸ»,clapping hands: light skin tone,1
9087,ğŸ‘€,eyes,1
9089,âœ…,check mark button,1
9089,ğŸ˜,smiling face with sunglasses,1
9089,â¤µï¸,right arrow curving down,1
9089,ğŸ¤¼â€â™€ï¸,women wrestling,1
9089,ğŸ“,round pushpin,1
9089,â‰ï¸,exclamation question mark,1
9089,ğŸ“²,mobile phone with arrow,1
9089,ğŸ“£,megaphone,1
9089,ğŸŠğŸ»â€â™‚ï¸,man swimming: light skin tone,1
9089,ğŸ¤”,thinking face,1
9089,â€¼ï¸,double exclamation mark,1
9090,ğŸŒº,hibiscus,1
9091,ğŸ‡³ğŸ‡¬,flag: Nigeria,1
9093,â™Ÿ,chess pawn,1
9093,ğŸ¯,bullseye,1
9093,ğŸ“†,tear-off calendar,1
9093,ğŸ–¼,framed picture,1
9093,ğŸ‘‰,backhand index pointing right,2
9095,ğŸ”¥,fire,3
9097,â™Ÿï¸,chess pawn,1
9098,â¤ï¸,red heart,1
9098,ğŸ’š,green heart,1
9098,ğŸ’›,yellow heart,1
9100,ğŸ‡³ğŸ‡¬,flag: Nigeria,1
9102,ğŸ’¾,floppy disk,1
9102,ğŸ‘,thumbs up,1
9102,ğŸ’¬,speech balloon,1
9102,ğŸ˜,smiling face with heart-eyes,1
9102,ğŸš¶â€â™‚ï¸,man walking,1
9102,ğŸ”,repeat button,1
9103,ğŸ«,chocolate bar,1
9104,â¤ï¸,red heart,1
9105,ğŸ¤¯,exploding head,1
9108,ğŸŒŸ,glowing star,1
9108,âœ¨,sparkles,2
9108,ğŸ†,trophy,2
9108,ğŸ’«,dizzy,1
9108,ğŸ‰,party popper,2
9108,ğŸ’ª,flexed biceps,1
9108,ğŸ™Œ,raising hands,1
9108,ğŸŒ´,palm tree,1
9111,ğŸ§ ,brain,1
9111,â™Ÿï¸,chess pawn,1
9111,ğŸ”¥,fire,1
9115,ğŸ˜‰,winking face,1
9117,ğŸš€,rocket,1
9119,ğŸ™‰,hear-no-evil monkey,1
9119,ğŸ˜‚,face with tears of joy,2
9122,â™Ÿï¸,chess pawn,1
9122,ğŸ†,trophy,1
9126,â™Ÿ,chess pawn,1
9127,â™Ÿ,chess pawn,1
9127,ğŸ˜²,astonished face,1
9129,â¤ï¸â€ğŸ”¥,heart on fire,2
9133,ğŸ’«,dizzy,1
9133,ğŸ˜‰,winking face,1
9135,ğŸ‘,clapping hands,3
9135,â£ï¸,heart exclamation,1
9137,â˜€ï¸,sun,1
9137,ğŸ,chequered flag,1
9137,ğŸ’š,green heart,1
9139,â™Ÿ,chess pawn,2
