id,person
489974,ajedrez
1358328,ke7
1358332,ding
1358682,ding liren
1359058,ding
1359058,white
1359058,ruy lopez
1359058,black
1359072,nepo
1359737,ルイロペス
1360142,nepo
1360306,john henderson
1317750,karpov-kamsky
1318111,ding liren
1318222,daniil dubov
1318222,daniil
1318222,irina krush
1318307,carlsen
1318419,ding
1320191,ding liren
1320525,ruy lopez
1320619,nepo
1320636,jim
1321003,john henderson
1321333,luca brecel
1321333,mark allen
1321333,jimmy robertson
1321333,john higgins
1321522,strizhenova
1321522,aleksei iovchev
1321606,atiqueahmed
1321636,carlsen
1321728,magnus
1321728,atiqueahmed
1321763,"
#atiqueahm"
1321904,bobby fischer
1322194,ding
1322194,ian
1322194,ding
1322194,black
1322240,ian
1322240,ding
1322240,ian
1322270,peter
1322300,magnus
1322384,magnus
1322384,nepo
1322384,alireza
1322584,david
1322617,miguel
1322639,ding liren
1322639,magnus
1322698,magnus carlsen
1322708,trump
1322805,ding liren
1322887,emil
1322887,levy
1322981,del rio
1323041,ding liren
1323161,ding
1323161,magnus
1323161,botez
1323296,nepo
1323296,ding
1323360,david
1323509,peter   wells
1323614,alekhine
1323639,ian nepomniachtchi
1323661,ajedrez
1323740,nepo
1323740,nepo
1323794,kazakh
1323794,hou yifan
1323794,zhansaya abdumalik
1323892,ian
1323892,ruy lopez
1323892,ding
1323918,zakhodiakin
1324094,fischer
1324094,spassky
1324094,magnus-nepo
1324124,ding
1324124,arjun
1324195,stev bonhage
1324216,peter wells
1324328,garry kasparov
1324475,ding liren
1324649,ding liren
1325255,patzer
1325258,patzer
1325270,wesley so
1325286,hikaru
1325286,wesley
1325332,ding
1325794,ding liren
1326127,david howell
1326506,ding liren
1326506,ian nepomniachtchi
1326750,levy
1326755,levy
1326779,levy
1326931,daniil dubov
1326931,dubov
1326931,elo
1326954,karjakin
1326978,ding liren
1326980,white
1327005,magnus
1327229,magnus
1327335,ding liren
1327335,nepo
1327335,nepo
1327370,ding
1327370,ding liren
1327370,ian nepomniachtchi
1327446,peter
1327446,levy
1327684,nepomniachtchi
1327759,ian
1327759,ding
1327929,ايان نيبو منياتشى
1327962,nepo
1327962,nepomniachtchi
1328013,ding liren
1328013,ian nepomniachtchi
1328013,davidllada
1328046,dingliren
1328046,nepoding
1328123,nepomniachtchi
1328123,nepoding
1328129,ding
1328353,ian
1328353,nepomniachtchi
1328358,ian nepomniachtchi
1328434,ding liren
1328496,ian
1328496,nepomniachtchi
1328496,pravin thipsay
1328490,arabian
1328517,emil
1328656,ding liren
1328656,fabiano caruana
1328728,kasparov-kramnik
1328728,nepo
1328728,ding
1328739,kamsky
1328797,ajedrez
1328797,carlsen
1328815,kasparov
1328893,ding
1328893,andrea botez
1328944,ding liren
1328957,heraclitus
1328978,ding
1329030,garry kasparov
1329030,hikaru
1329030,trommelwirbel
1329030,jangustavhurensson
1329030,magnuscarlsen
1329030,magnus carlsen
1329049,viswanathan anand
1329049,irina krush
1329140,ding liren
1329140,nepo
1329140,nepomnjaschtschi
1329208,magnus
1329325,daniil dubov
1329341,magnus
1329341,magnus
1329382,ding
1329417,nepo
1329516,ding
1329516,nepo
1329516,nepo
1329530,ding
1329538,nepo
1329578,hans
1329595,peters
1329725,ding
1329725,nepo
1329805,ian nepomniatchi
1329893,ding
1329956,ian nepomniachtchi
1329990,magnus
1329990,fabi
1330009,del rio
1330151,ding liren
1330151,squeezes
1330169,ding liren
1330233,nepo
1330233,ding
1330234,ding
1330234,magnus
1330237,magnus
1330278,ding liren
1330464,nepo
1330477,xiaozhan
1330495,magnus
1330540,ding liren
1330540,topalov
1330540,kramnik
1330544,liren
1330554,nepomniachtchi
1330614,king liren
1330637,kramnik
1330644,vishy
1330712,ding liren
1330719,krazy krazy
1330719,ding liren
1330730,ian nepomniachtchi
1330809,ruskie
1330809,ding
1330818,nepo
1330826,ding liren
1330846,ian nepomniachtchi
1330851,nepo
1330962,kramnik topalov
1330983,ding
1331073,mike klein
1331077,ding
1331112,ding
1331113,ding
1331120,ding
1331123,ding
1331131,ding liren
1331142,carlsen
1331171,nepoding
1331171,magnuscarlsen
1331171,anishgiri
1331191,malcolm
1331191,magnus
1331191,malcolm
1331213,ding
1331223,ian nepomniachtchi
1331230,ding liren
1331236,ian
1331236,nepomniachtchi
1331265,confucius
1331265,liu wenzhe
1331268,carlsen
1331268,ding
1331269,ding
1331299,ding
1331332,ding liren
1331332,ian nepomniachtchi
1331340,ian
1331340,ding
1331347,rb7
1331360,ian nepomniachtchi
1331360,ding liren
1331377,nepomniachtchi
1331378,stev bonhage
1331382,ding
1331418,ian
1331418,ding
1331418,ding
1331456,ding liren
1331461,carlsen
1331461,karjakin
1331475,richard rapport
1331509,ding liren
1331509,ian nepomniachtchi
1331528,ding liren
1331537,magnus
1331549,ding liren
1331556,ian
1331567,lyle
1331567,foreman
1331578,ding
1331591,ding liren
1331591,stev bonhage
1331594,ding liren
1331595,ding liren
1331595,stev bonhage
1331666,cozio
1331670,ding liren
1331675,ding liren
1331688,magnus
1331695,sesse
1331760,white
1331806,ding liren
1331815,ding liren
1331820,ding
1331831,magnus
1331844,ding liren
1331863,ding liren
1331888,big vlad
1331894,giri
1331934,liren
1331934,ding
1331934,topalov
1331934,kramnik
1331959,david
1331959,rc7
1331962,irina krush
1331969,nepo
1331969,ding liren
1331974,garry
1331974,magnus
1331974,veselin
1331974,magnus
1331974,ding liren
1332018,ding
1332018,nepomniachtchi
1332018,nepoding
1332018,nepomniachtchi
1332031,ian nepomniachtchi
1332031,ding liren
1332072,nepo
1332091,ding liren
1332091,ian nepomniachtchi
1332100,ding liren
1332100,nepo
1332104,ian
1332124,ding liren
1332124,nepo
1332138,victor llaneza vega
1332166,stev bonhage
1332166,anna shtourman
1332166,david llada
1332168,ding
1332171,victor llaneza vega
1332197,nepo
1332206,ding liren
1332206,ding
1332222,nepomniachtchi
1332251,nepo
1332251,giri
1332278,ding liren
1332281,gm nielsen
1332294,ding
1332302,ian nepomniachtchi
1332302,ding liren
1332318,daniil dubov
1332324,ian nepomniachtchi
1332381,ding liren
1332400,hou yifan
1332416,ian nepomniachtchi
1332419,irina krush
1332449,khalifman
1332449,kasimdzhanov
1332498,ian nepomniachtchi
1332498,ding liren
1332535,nepo
1332535,nepomnjaschtschi
1332550,irina krush
1332550,ding
1332550,nepo
1332561,ian nepomniachtchi
1332572,nd7
1332572,nepomniachtchi
1332574,giri
1332574,nepomniachtchi
1332578,ding
1332684,nepo
1332684,ding
1332867,wesley
1332867,hikaru
1332867,magnus
1332914,hans niemann
1332979,ding
1332979,fischer
1333122,giri
1333122,fabi
1333122,guki
1333122,sharjah
1333435,ding liren
1334492,gukesh
1334492,sigeman
1334492,sharjah
1334492,deffo
1334499,magnus
1334584,gukesh
1334584,giri
1334584,menorca
1334671,dingliren
1335034,xadrez
1335107,magnus
1335107,magnus
1335859,nepo
1336264,reaper
1336280,peter
1336330,dingliren
1336330,iannepo
1336680,vladimirkramnik
1336835,nepo
1336895,vladimirkramnik
1337028,lana del rey
1337041,white
1337142,lana del rey
1337142,magnus
1337147,magnus
1337153,ding liren
1337210,alekhine
1337210,euwe
1337272,ding liren
1337272,nepo
1337377,miguel
1337465,ding
1337632,ding
1337694,ding liren
1337694,ding lizhen
1337715,ding
1337715,ding
1337725,frank ocean
1337727,nepo
1337727,ding
1337861,daniil dubov
1337879,nepo
1337879,nepo
1337879,nepomnjaschtschi
1337881,nepoding
1338003,ding
1338003,grischuk
1338003,ivanchuk
1338032,peter
1338034,ding liren
1338034,ian nepomniachtchi
1338074,ian nepomniachtchi
1338074,stev bonhage
1338163,ding
1338163,anish
1338206,daniil dubov
1338206,daniil
1338325,alekhine
1338325,euwe
1338353,ian nepomniachtchi
1338353,ding liren
1338390,nepo
1338390,ding
1338528,ding liren
1338528,ajedrez
1338550,peter
1338786,platov
1338807,stev bonhage
1338816,ajedrez
1338824,ding
1338910,magnus
1338910,anish giri
1338910,nepo
1338976,magnus
1339042,armageddon
1339042,ian
1339042,ding
1339059,nepomniachtchi
1339059,steve bonhage
1339100,ding liren
1339112,emil sutovsky
1339121,ding liren
1339121,richard
1339138,ian nepomniachtchi
1339153,ding
1339153,magnus carlsen
1339208,ding
1339253,nepo
1339267,ian
1339285,stev bonhage
1339295,ian nepomniachtchi
1339313,nepo
1339391,gukesh
1339391,nodirbek
1339391,magnus
1339394,ding liren
1339394,david llada
1339411,kasparov-karpov
1339433,nepo
1339433,ding
1339433,magnus carlsen
1339465,magnus
1339495,ian nepomniachtchi
1339505,ding liren
1339549,ding
1339585,ding liren
1339589,david llada
1339595,magnus
1339633,ding
1339638,magnus
1339664,ding liren
1339684,ian
1339698,ding
1339698,ian nepomniachtchi
1339698,liren ding
1339703,ding
1339713,nepo
1339713,nepo
1339716,ding
1339793,ding liren
1339804,ding
1339804,nepo
1339821,ian nepomniachtchi
1339823,ding
1339853,ding
1339860,ding
1339868,ian nepomniachtchi
1339913,ding liren
1339918,krikor
1339919,ding liren
1339934,ding
1339935,ding liren
1339955,ding liren
1339983,ding liren
1339999,ding liren
1340011,ding liren
1340014,daniil dubov
1340046,ding liren
1340065,ding
1340065,nepo
1340065,keres
1340065,smyslov
1340065,ajedrez
1340100,luisón
1340100,nepo
1340100,ding liren
1340170,ding liren
1340178,ding liren
1340178,nepo
1340180,dana reizniece
1340180,ozola
1340184,anish giri
1340184,ding liren
1340201,keres
1340201,giri
1340219,ding liren
1340219,ian nepomniachtchi
1340244,ding
1340244,keres
1340244,smyslov
1340261,ding liren
1340379,kubbel
1340411,irina krush
1340411,daniil dubov
1340485,ding liren
1340552,dingliren
1340552,ian
1340552,nepomniachtchi
1340575,ding liren
1340575,nepo
1340659,vishwanathan anand
1340676,stev bonhage
1340676,david llada
1340676,ding liren
1340704,stev bonhage
1340704,ding liren
1340751,vishwanathan anand
1340752,ding
1340752,black
1340844,chigorin
1340758,nepoding
1340777,ding
1340827,nepo
1340827,francesa
1340827,ding liren
1340828,magnus
1340843,ding liren
1340860,nepoding
1340860,ding
1340860,paco vallejo
1340860,vallejo
1340887,emil sutovsky
1340922,rapport
1340980,fischer
1340980,reykjavik
1341033,mikhail tal
1341054,ian
1341054,nepomniachtchi
1341107,ian nepomniachtchi
1341107,ding
1341107,black
1341200,ding liren
1341209,ding liren
1341218,jonathan rowson
1341224,liren
1341241,daniil dubov
1341241,irina krush
1341279,korchnoi
1341300,ian nepomniachtchi
1341300,vladimir kramnik
1341302,ding liren
1341306,rapport
1341313,ding le ren
1341327,daniil dubov
1341327,irina krush
1341340,ding liren
1341347,ding
1341347,nepo
1341356,ding liren
1341440,ian
1341464,iannepomniachtchi
1341464,ding
1341469,ding liren
1341469,ajedrez
1341497,nepoding
1342471,ding
1342946,john nunn
1342977,alphazero
1342977,ding
1343571,levon aronian
1343571,ding liren
1345319,fischer
1345611,nepo
1345962,magnus
1346202,jawolusy
1346255,christopher yoo
1346641,balanovsky
1346944,mc luison
1347377,sam loyd
1347428,ding liren
1347428,ian nepomniachtchi
1347458,big vlad
1347601,william
1347604,richard #rapport
1347604,polyánszky
1347904,ajedrez
1347922,ding
1347955,peter
1347991,nasser
1347991,nepo
1347991,ding
1347999,beliavsky
1348135,liren
1348135,ian nepomniachtchi
1348135,ganan blancas
1348135,ajedrez
1348141,hans
1348141,magnus
1348146,alejandro ramirez
1348146,magnus carlsen
1348146,alejandro ramirez
1348195,karpov-kasparov
1348390,rc7
1348390,lev
1348416,ian nepomniachtchi
1348456,magnus
1348501,willie watson
1348507,nepomniachtchi
1348542,magnus
1348546,bobbyfischer
1348744,nepo
1348744,ding
1348744,hou yifan
1348753,vishy
1348789,bobby fischer
1348790,bobby fischer
1348901,mike klein
1348903,nepo
1349026,ding
1349715,bobby fischer
1349717,alejandro ramirez
1349717,magnus carlsen
1349717,alejandro ramirez
1349775,stev bonhage
1350271,magnus succession
1351033,ding liren
1351079,ding liren
1351506,magnus carlsen
1351602,nepoding
1351602,magnus
1351929,maguire
1351929,eriksen
1351929,franklinnyamsi
1351999,nepo
1352136,bartosz soćko
1352136,radek wojtaszek
1352136,wasko hetman
1352151,nepomniachtchi
1352231,ding liren
1352381,timman
1352432,arjun erigaisi
1352432,ian
1352432,ding
1352458,magnus carlsen
1352458,magnus
1352838,radjabov
1352838,radja
1352874,nepo
1352982,magnus carlsen
1352982,nepo
1353062,peter leko
1353085,anish giri
1353141,anand
1353145,magnus
1353145,nepo
1353259,carlsen
1353259,ding
1353326,ding
1353303,ding
1353303,ding liren
1353303,ian nepomniachtchi
1353386,hans-georg gadamer
1353510,ian nepomniachtchi
1353695,ding liren
1353695,ian nepomniachtchi
1353697,ian nepomniachtchi
1353697,radmir fahrutdinov
1353749,ian
1353770,bishop
1353770,rook
1353770,nepo
1353855,stev bonhage
1353914,matous
1353927,nepo
1353927,ding liren
1353927,nepo
1353927,nepomniachtchi
1353927,nepomnjaschtschi
1353973,ding liren
1354000,daniil dubov
1354030,dubov
1354030,magnus
1354030,magnus
1354380,ian
1354380,ding
1354383,ding liren
1354405,ding liren
1354405,nepo
1354799,ian nepomniachtchi
1354799,stev bonhage
1354914,ding liren
1354914,david llada
1355002,ian nepomniachtchi
1355002,david llada
1355033,ding liren
1355053,ding liren
1355076,stev bonhage
1355191,magnus
1355229,nepoding
1355229,tanya
1355313,dingliren
1355313,ding
1355324,ding
1355384,anish giri
1355398,ian nepomniachtchi
1355398,ian nepomniachtchi
1355398,david llada
1355402,ding liren
1355406,ian nepomniachtchi
1355406,ian nepomniachtchi
1355496,babu
1355588,ding liren
1355732,ding
1355745,ian
1355758,ding
1355854,magnus
1355854,nepo
1355854,ding
1355854,ding
1355866,ding liren
1355891,magnus
1355932,ding liren
1355956,ding liren
1355956,white
1355956,ding
1355995,white
1356011,nepomniachtchi
1356067,daniil dubov
1356067,ian
1356079,rook
1356080,daniil dubov
1356080,ian
1356113,nickiminaj
1356133,ding
1356233,nepo
1356182,ian
1356213,ding
1356219,ian
1356258,ian nepomniachtchi
1356258,ding liren
1356278,viswanathananand
1356279,giri
1356279,ding
1356279,robert hess
1356279,ding
1356292,ding liren
1356299,nepo
1356299,carlsen
1356326,nepomniachtchi
1356341,ding
1356348,ian nepomniachtchi
1356383,ding liren
1356447,ding
1356457,ding liren
1356471,mario matous
1356486,ding liren
1356492,ian
1356531,ding
1356546,magnus
1356546,xadrez
1356554,ding liren
1356554,nepo
1356554,ding
1356554,magnus
1356558,ding
1356590,ding liren
1356598,ding liren
1356638,ian nepomniachtchi
1356638,white
1356742,f. vitelli
1356742,ding
1356810,botvinik
1356822,nakamura
1356822,richard rapport
1356822,ding liren
1356859,ding liren
1356868,ding
1356911,korchnoi
1356911,zoltan almasi
1356911,emil sutovsky
1356924,vladimir kramnik
1356924,ian nepomniachtchi
1356967,ding
1356979,ding liren
1357027,hikaru
1357027,ding liren
1357022,ding
1357023,hikaru
1357062,caruana
1357064,pepe cuenca
1357066,alexander grischuk
1357066,ding
1357066,white
1357080,ding liren
1357081,giri
1357081,ding liren
1357121,vishwanathan anand
1357131,ian
1357131,nepomniachtchi
1357139,ding
1357243,victor dolgalev
1357243,david llada
1357265,ding liren
1357285,ding liren
1357304,wesley
1357304,hikaru
1357304,magnus
1357307,victor dolgalev
1357321,sämisch
1357321,nepo
1357322,liren
1357351,black
1357366,anna shtourman
1357366,david llada
1357417,nepoding
1357451,ian
1357451,anish giri
1357487,saemisch
1357487,ding
1357487,nepo
1357491,anish giri
1357522,ding liren
1357522,caro-kann
1357533,ding liren
1357533,aram hakobyan
1357543,ding liren
1357544,irina krush
1357567,fabiano caruana
1357567,lilienthal
1357567,szabo
1357567,kotov-najdorf
1357579,daniil dubov
1357579,irina krush
1357614,morphy
1357614,ruy lopez
1357644,ding
1357654,ian nepomniachtchi
1357720,ding liren
1357726,caro-kan
1357752,ding liren
1357818,ian nepomniachtchi
1357818,white
1357901,ian nepomniachtchi
1357939,magnus
1360479,nepo
1360479,nepomnjaschtschi
1361038,ian nepomniachtchi
1361038,xadrez
1361038,ding liren
1361038,kramnik
1361071,nepoding
1361077,ding liren
1361088,k-k
1361172,simon webb
1361559,miguel
1361726,ajedrez
1361754,magnus
1361754,ding
1361799,daniil dubov
1361809,ding liren
1361809,stev bonhage
1362046,ian nepomniachtchi
1362179,ding liren
1362179,anna shtourman
1362249,ding
1362268,nepo
1362268,ding liren
1362268,nepo
1362268,nepomniachtchi
1362268,nepomnjaschtschi
1362272,ian nepomniachtchi
1362300,ding liren
1362300,stev bonhage
1362424,ian nepomniachtchi
1362447,ding
1362519,ian nepomniachtchi
1362519,white
1362519,anna shtourman
1362565,ding liren
1362565,anna shtourman
1362587,ian nepomniachtchi
1362587,anna shtourman
1362601,dingliren
1362614,ian nepomniachtchi
1362614,anna shtourman
1362641,ding liren
1362671,ding liren
1362671,anna shtourman
1362688,nepomniachtchi
1362688,ding
1362713,ding
1362743,timman
1362755,nepomniachtchi
1362755,ding liren
1362755,stev bonhage
1362755,anna shtourman
1362778,nepomniachtchi
1362794,nepo
1362794,ding
1362814,ding liren
1362814,ian nepomniachtchi
1362824,ian nepomniachtchi
1362824,ian nepomniachtchi
1362845,ian nepomniachtchi
1362851,stev bonhage
1362852,ding
1362852,nepo
1362870,kasparov
1362870,adams
1362917,peter
1363012,daniil dubov
1363012,ding
1363012,ian
1363056,ding
1363124,daniil dubov
1363149,miguelito
1363149,pepe cuenca
1363174,ding
1363174,gajo
1363179,king liren
1363179,pawn nepomniatchi
1363304,magnus carlsen
1363381,xi
1363408,xi
1363408,ding
1363408,putin
1363469,nepo
1363469,yeves behar
1363469,sayl
1363521,rita atkins
1363522,peter
1363585,ding
1363585,nepo
1363695,ian
1363699,ding
1363699,ding
1363699,richard
1363724,ding liren
1363724,ian nepomniachtchi
1363728,nepomniachtchi
1363732,suum cuique
1363819,nepoding
1363897,nepo
1363908,ian nepomniachtchi
1363912,white
1363917,nepo
1363917,ding
1363936,nepoding
1363958,ding liren
1364042,fabiano caruana
1364060,ding liren
1364095,white
1364095,black
1364109,ian nepomniachtchi
1364109,ding
1364158,ian nepomniachtchi
1364230,nepo
1364295,ian
1364286,ian nepomniachtchi
1364286,ding liren
1364326,magnus
1364326,fabiano caruana
1364326,ding liren
1364358,ding
1364358,nepoding
1364358,ajedrez
1364364,vishy
1364385,ding liren
1364385,nepomniachtchi
1364398,stev bonhage
1364417,daniil dubov
1364417,irina krush
1364417,white
1364469,ian
1364469,fabiano caruana
1364473,barbier
1364473,saavedra
1364559,anna shtourman
1364575,ding liren
1364596,malcolm barker
1364613,marat azilkhanov
1364613,anna shtourman
1364622,nepomniachtchi
1364699,fabi
1364699,magnuspod
1364726,ding liren
1364739,nepomniachtchi
1364744,daniil dubov
1364744,irina krush
1364746,ding liren
1364758,caro-kann
1364760,giri
1364760,giri
1364760,hess
1364760,caruana
1364780,caruana
1364780,ding liren
1364782,leonard barden
1364782,barden
1364858,bobby fischer
1364858,wesley
1364910,ian nepomniachtchi
1364942,fabiano caruana
1364952,ian nepomniachtchi
1364952,white
1365025,ding
1365025,nepomniachtchi
1365025,stev bonhage
1365030,ding liren
1365030,ding
1365030,sagar shah
1365165,nepo
1365174,nepo
1365174,magnus
1365174,nepo
1366622,elon
1367804,ding
1367804,nepomniachtchi
1367804,harikrishna pentala
1368209,magnus
1368209,putin
1368559,teimour
1368559,ding
1368621,daniel
1368715,carlsen
1368895,peter
1368906,fischer
1368906,bronstein
1369160,magnus
1369222,nepomniachtchi
1369222,liren
1369563,rumboajedrez
1369611,vladimir potanin
1369611,putin
1369658,harikrishna pentala
1369937,veselin topalov
1369937,vladimir kramnik
1369937,bobby fischer
1369941,veselin topalov
1369941,vladimir kramnik
1369941,bobby fischer
1369955,veselin topalov
1369955,vladimir kramnik
1369955,bobby fischer
1369967,veselin topalov
1369967,vladimir kramnik
1369967,bobby fischer
1369975,veselin topalov
1369975,vladimir kramnik
1369975,bobby fischer
1369988,veselin topalov
1369988,vladimir kramnik
1369988,bobby fischer
1369989,veselin topalov
1369989,vladimir kramnik
1369989,bobby fischer
1369998,veselin topalov
1369998,vladimir kramnik
1369998,bobby fischer
1370008,veselin topalov
1370008,vladimir kramnik
1370008,bobby fischer
1370017,ian nepomniachtchi
1370017,iannepomniachtchi
1370049,ian nepomniachtchi
1370049,ding liren
1370162,john nunn
1370456,ding
1370525,timur gareyev
1370525,timur
1370590,david bronstein
1370590,bronstein
1370681,spassky
1370681,fischer
1370681,karpov
1370681,kasparov
1370681,nepoding
1372951,king
1372951,king
1373636,nepomnjaschtschi
1374341,nepo
1374570,hendrik du toit
1374581,nepo
1374770,iannepomniachtchi
1374828,ding liren
1375354,nepo
1375358,atiqueahmed
1375367,ding liren
1375367,ian nepomniachtchi
1375565,carlsen
1375567,ding liren
1375567,nepo
1375567,nepo
1375567,nepomnjaschtschi
1375616,ding
1375708,ding
1375730,carlsen
1375804,ding
1375848,leko
1375848,kramnik
1375988,ding
1376054,ian nepomniachtchi
1376054,ding liren
1376135,daniil dubov
1376265,ding
1376276,ian nepomniachtchi
1376289,ding liren
1376289,anna shtourman
1376323,fabi
1376398,ding liren
1376422,ian nepomniachtchi
1376422,ding
1376466,nutz
1376484,ian
1376485,tkachnko
1376505,dvorkovich
1376521,ian nepomniachtchi
1376521,stev bonhage
1376542,magnus carlsen
1376542,nepo
1376617,ding liren
1376617,ian nepomniachtchi
1376641,ian nepomniachtchi
1376663,ding liren
1376701,ding liren
1376701,stev bonhage
1376727,ian
1376727,stev bonhage
1376732,ding liren
1376732,ian nepomniachtchi
1376748,ding
1376751,ding
1376751,nepo
1376768,ian nepomniachtchi
1376770,dingliren
1376846,daniil dubov
1376866,irina
1376872,roger federer
1376872,stan wawrinka
1376872,roger federer
1376872,nepoding
1376872,federerwawrinka
1376883,james canty
1376889,mike klein
1376894,nepo
1376941,boris gelfand
1376942,gelfand
1376945,nepo
1376967,kateryna lagno
1376967,ian
1376980,ian
1376980,ding
1377013,safonov
1377015,nepomniachtchi
1377019,ding
1377019,ian
1377024,sina weibo
1377093,ding liren
1377119,ding liren
1377119,ian nepomniachtchi
1377119,anna shtourman
1377120,fabiano caruana
1377120,ding liren
1377135,kunsulu zakarya
1377135,stev bonhage
1377153,ding liren
1377194,carlsen
1377194,nepo petroff
1377230,ian
1377242,ding
1377242,nepo
1377242,ding
1377292,groot
1377347,ding
1377347,nepomniachtchi
1377359,mo farah
1377359,elon musk
1377375,ding liren
1377385,nepomniachtchi
1377410,nepo
1377413,ding
1377446,daniil dubov
1377446,irina krush
1377451,ding liren
1377463,ding liren
1377463,ian nepomniachtchi
1377473,ian nepomniachtchi
1377621,ding liren
1377621,white
1377628,phil
1377628,robin
1377628,scandi heartthrob
1377774,nepo
1377774,ding
1377898,richard
1377905,ding
1377907,ding liren
1377907,richard rapport
1377908,ding liren
1378144,vladimir kramnik
1378596,ian nepomniachtchi
1378596,magnus carlsen
1378596,pravin thipsay
1380419,mastery
1380444,dingliren
1380444,iannepomniachtchi
1380459,dingliren
1380459,iannepomniachtchi
1380624,nepomnjaschtschi
1380819,nepo
1380819,carlsen
1380819,ding
1381073,nebojša baralić
1381362,ajedrez
1381395,nepo
1381402,nepo
1382339,nepo
1382664,nepo
1382664,ding liren
1382664,nepo
1382664,nepomniachtchi
1382664,nepomnjaschtschi
1382666,peter
1382690,ding
1382820,tolonglaaaaaaa
1383148,zakhodiakin
1383153,ding liren
1383153,ian nepomniachtchi
1383197,caro-kann
1383197,schliemann
1383273,magnus
1383305,peones
1383305,rey blanco
1383305,ajedrez
1383311,miguel
1383360,ben johnson
1383435,ian
1383435,nepomniachtchi
1383651,daniil dubov
1383680,madrugo
1383718,nepo
1383728,ding liren
1383787,magnus
1383802,smyslov
1383840,carlsen
1383904,ian nepomniachtchi
1383904,david llada
1383910,ding liren
1383910,david llada
1383955,ding
1383956,ian nepomniachtchi
1383966,ian nepomniachtchi
1383966,stev bonhage
1383988,nepoding
1383999,ian nepomniachtchi
1383999,stev bonhage
1384001,neponiachtchi
1384007,ding liren
1384013,ding liren
1384020,nepoding
1384022,ian nepomniachtchi
1384022,ding
1384038,ding liren
1384038,fabiano caruana
1384057,hans niemann
1384116,ding
1384127,ian nepomniachtchi
1384135,ding liren
1384139,richard
1384142,ian nepomniachtchi
1384146,ding
1384158,richard
1384168,ian
1384171,ian nepomniachtchi
1384171,ding liren
1384200,ian nepomniachtchi
1384203,ian nepomniachtchi
1384274,ding liren
1384274,ian nepomniachtchi
1384276,nepo
1384357,ding liren
1384373,ding
1384378,ian nepomniachtchi
1384446,kanat sharlapaev
1384446,stev bonhage
1384452,ding liren
1384452,fabiano caruana
1384481,nepomniachtchi
1384484,freddie
1384505,ding liren
1384535,ruy lopez
1384574,ian nepomniachtchi
1384574,ding liren
1384588,daniil dubov
1384588,irina krush
1384679,carlsen
1384706,ian nepomniachtchi
1384706,white
1384706,ding liren
1384713,ian
1384732,ian nepomniachtchi
1384748,magnus
1384748,magnus
1384748,hikaru
1385649,magnus carlsen
1385801,ding liren
1386916,john henderson
1388150,magnus
1388749,elon
1389961,fischer
1389961,spassky
1389980,kuznetsov
1390328,magnus
1390328,nepo
1390676,dorogov
1390798,dvorkovich
1391513,ian nepomniachtchi
1391599,stev bonhage
1391805,australia
1391805,rohit sharma
1391805,shubman
1391805,gill
1391805,pujara
1391805,kohli
1391805,rahane
1391805,bharath
1391805,jadeja
1391805,"shardul
ashwin"
1391805,"axar
siraj
shami"
1391837,karpov
1391837,kasparov
1391859,carlsen
1391859,caruana
1391859,nepoding
1391859,nepo
1391993,paul
1392118,ian
1392118,ding
1392134,karpov
1392134,fisher
1392134,capablanca
1392151,ian nepomniachtchi
1392224,ding liren
1392274,nepo
1392355,nepo
1392552,ding liren
1392552,ian nepomniachtchi
1392758,dimash
1392758,dimashqudaibergen
1392758,dimashdearstogether
1393156,carlsen
1394530,ding  liren
1394643,ian
1394653,dimash qudaibergen
1394653,dimash
1394653,dimashqudaibergen
1394805,carlsennepo
1394861,nepo
1394929,ke7
1394929,botvinnik
1394929,smyslov
1394941,magnus carlsen
1394943,magnus carlson
1394951,iannepomniachtchi
1394977,muhammadqasim
1394977,imran khan
1394977,hadith
1394977,muhammad qasim dreams
1395036,divis
1395036,pepe
1395036,miguelito
1395436,nepo
1395473,ding
1395473,nepo
1395473,ding
1395570,nepoding
1395666,nepo
1395675,li shang
1395758,daniil dubov
1395780,ding
1395780,nepomniachtchi
1395847,nepo
1395915,nepo
1395994,magnus carlsen
1395994,magnus
1396031,nepomniachtchi
1396031,xadrez
1396031,ding liren
1396185,carlsen
1396205,dimashqudaibergen
1396224,arteta
1396321,ajedrez
1396323,finnbalor
1396442,levon
1396442,ian
1396442,ding
1396572,pravin thipsay
1396612,teamnepo
1396666,dimash qudaibergen
1396705,stev
1396715,princewilliamexposed
1396715,princeharry
1396952,nepo
1396952,ding
1396979,ding liren
1396979,richard
1397070,nepoding
1397256,ian
1397164,nepo
1397164,bonhage
1397473,nepo
1397473,stev bonhage
1397644,alexander the great
1397644,king alexander
1397868,magnus
1397901,carlsen
1397910,kárpov
1397910,kaspárov
1398027,nepo
1398027,nepomniachtchi
1398220,ajedrez
1398220,nepo
1398220,ding
1398246,ding liren
1398280,dimash
1398280,dimash qudaibergen
1398348,ding
1398348,richárd
1398459,nepo
1398459,nepo
1398459,nepomnjaschtschi
1398463,ian nepomniachtchi
1398532,nepo
1398629,aditya sur roy
1398629,aditya
1398629,ding
1398767,ding liren
1398767,ian nepomniachtchi
1398773,stev bonhage
1398798,kramnik
1398849,nepo
1399013,ding liren
1399013,richard rapport
1399013,greta thunberg
1399083,ding liren
1399100,ding
1399100,magnus
1399146,kyderby
1399146,kyderby
1399260,ian
1399306,elo
1399312,magnus carlsen
1399322,paul morphy
1399322,duke karl
1399322,count isouard
1399345,sam loyd
1399425,nepo
1399425,stev bonhage
1399425,david llada
1399425,anna shtourman
1399485,magnus sportybet
1399537,dimash
1399579,stev bonhage
1399607,ding liren
1399607,anna shtourman
1399662,ian nepomniachtchi
1399715,ding
1399737,dimash
1399774,ding liren
1399774,stev bonhage
1399815,ding
1399815,ian
1399824,dimash
1399839,ian
1399851,nepo
1399851,ajedrez
1399852,ding liren
1399852,anna shtourman
1399875,nepo
1399875,putin
1399875,potanin
1399882,yumnazaidi
1399882,kejriwalkamahal
1399882,tejran
1399960,magnus carlsen
1399952,ian nepomniachtchi
1399952,dingliren
1399952,iannepomniachtchi
1399955,dimash
1399955,dimash qudaibergen
1399955,dimashqudaibergen
1399969,ian
1399984,nepo
1399991,nepomniachtchi
1399991,david llada
1400197,ian nepomniachtchi
1400197,david llada
1400284,ding
1400320,ding liren
1400320,david llada
1400392,ian nepomniachtchi
1400392,david llada
1400409,dimash
1400409,dimash
1400409,dimashqudaibergen
1400489,ian nepomniachtchi
1400511,ding
1400517,nepo
1400517,ding
1400517,ding
1400570,dimashqudaibergen
1400616,ding
1400618,nepo
1400618,ding
1400680,ian nepomniachtchi
1400680,aditya sur roy
1400682,ian
1400711,magnus
1400737,立っていたの
1400738,victoria de
1400738,ding
1400738,nepo
1400748,dimashqudaibergen
1400748,dimashdearstogether
1400762,ian
1400770,ding
1400771,magnus carlsen
1400804,ding liren
1400895,ian nepomniachtchi
1400902,nepo
1400908,ding liren
1400913,ding
1400913,nepo
1400950,ian
1400973,ding
1400973,nepo
1400973,liren ding
1400973,ian nepomniachtchi
1401009,bot martin
1401021,ian nepomniachtchi
1401027,ian nepomniachtchi
1401030,astana
1401048,ian nepo
1401048,ding
1401054,rapport
1401075,ding
1401100,nepo baby
1401158,ian nepomniachtchi
1401241,hans niemann
1401241,nepo
1401241,ding
1401243,ding
1401276,nepo
1401288,nepo
1401296,ian nepomniachtchi
1401326,ian
1401326,ding
1401373,emma
1401373,ian
1401381,nepomniachtchi
1401394,ian
1401530,daniil dubov
1401530,white
1401533,nepo
1401533,ding
1401539,robert
1401555,ian nepomniachtchi
1401555,ding liren
1401567,nepo
1401567,ding liren
1401590,ding liren
1401617,xadrez
1401626,ian
1401627,dimash kudaibergen
1401627,nepomniachtchi
1401627,liren
1401627,dimash
1401627,stev bonhage
1401645,nepo
1401670,dimash kudaibergen
1401670,nepomniachtchi
1401670,liren
1401670,dimash
1401695,magnus
1401695,nepo
1401695,ding
1401695,magnus
1401787,nepomniachtchi
1401820,horowitz
1401834,ding liren
1401850,error
1401929,ding liren
1401953,nepo
1401980,ian nepomniachtchi
1401987,dingliren
1401987,daniil dubov
1402001,error grave
1402001,ding liren
1402001,nepo
1402026,ding liren
1402026,fabiano caruana
1402026,nepomniachtchi
1402069,ian nepomniachtchi
1402073,ian nepomniachtchi
1402073,ding liren
1402098,nepomniachtchi
1402103,nepo
1402104,ian nepomniachtchi
1402104,ian
1402104,ding liren
1402128,pepe
1402128,divis
1402128,miguelito
1402195,ian nepomniachtchi
1402251,divis
1402251,miguelito
1402251,pepe cuenca
1402251,ding
1402261,divis
1402261,pepeichstories
1402281,ding liren
1402283,magnus
1402283,magnus
1402302,ian nepomniachtchi
1402317,dimash qudaibergen
1402355,xiong
1402389,daniil dubov
1402400,ding liren
1402413,ereinov
1402440,ding liren
1402440,ian nepomniachtchi
1402440,ding
1402440,sagar shah
1402440,amruta mokal
1402450,fabi
1402463,dimash qudaibergen
1402463,kazakh
1402463,stev bonhage
1402495,irina krush
1402495,daniil dubov
1402528,ian nepomniachtchi
1402528,ian
1402536,ian nepomniachtchi
1402536,ding liren
1402536,david llada
1402544,ding liren
1402577,ding liren
1402577,gustafsson
1402597,nepomniachtchi
1402610,rapport
1402610,ding
1402610,edgard colle
1402641,nepomniachtchi
1402643,ding liren
1402658,daniil dubov
1402658,irina krush
1402665,kuznetsov
1402660,vladimir kramnik
1402682,ding
1402692,caruana
1402692,ding liren
1402765,carlsen
1402765,karjakin
1402765,karjakin
1402765,carlsen
1402775,kramnik
1402775,leko
1402802,ding liren
1402806,dylan
1402806,richie
1402835,white
1402835,ian nepomniachtchi
1402843,nepo
1402887,ding liren
1402887,ian nepomniachtchi
1402887,ding liren
1402887,david llada
1402916,nepo
1402916,ding
1403269,ian
1403276,ian
1403378,anna shtourman
1403390,magnus
1403527,christinenamaganda
1403699,peter
1404125,stafford
1404761,darl hall
1404761,john oats
1405208,ding
1405358,magnus
1405358,garry
1405358,hikaru
1405358,wesley so
1405358,bobby fischer
1405358,hans niemann
1405358,magnus
1405358,garry
1405358,magnus
1405358,hikaru
1405359,wesley so
1405359,bobby fischer
1405359,hans niemann
1405359,magnus carlsen
1405359,garry kasparov
1405359,hikaru nakamura
1405476,nepoding
1405571,wesley
1405571,hikaru
1405571,magnus
1405880,iannepomniachtchi
1406227,ian nepomniachtchi
1406227,ding liren
1406340,santa claus
1406435,miguel
1406654,ding liren
1406654,ding
1406654,aditya sur roy
1406758,sunni
1406758,shia
1407068,daniil dubov
1407139,ding
1407139,nepo
1407139,pravin thipsay
1407140,nepoding
1407171,aditya sur roy
1407171,ian nepomniachtchi
1407188,nepomniachtchi
1407304,ian nepomniachtchi
1407304,ding liren
1407304,ding liren
1407304,ian nepomniachtchi
1407371,uhuru
1407371,raila
1407540,ian nepomniachtchi
1407540,ding liren
1407719,thanos
1407889,markantony
1407889,donaldtrump
1407889,elonmusk
1407903,nepo
1407903,ajedrez
1408008,magnus
1408013,ruy lopez
1408018,magnus
1408097,ian nepomniachtchi
1408097,ding liren
1408273,ding
1408313,ian nepomniachtchi
1408450,carlsen
1408510,kuryatnikov
1408601,ian nepomniachtchi
1408679,stev bonhage
1408685,karjakin
1408685,karjakin
1408685,caruana
1408731,ding
1408731,ding
1408747,nepo
1408787,dimashqudaibergen
1408787,dimashdearstogether
1408787,togetherbydimash
1408838,magnus
1408865,xie jun
1408968,nepo
1408968,ding
1408968,nepo
1408982,ding
1409009,ian nepomniachtchi
1409050,richard
1409157,nepo
1409157,ding
1409164,ian
1409194,ian nepomniachtchi
1409194,blancas
1409208,ding liren
1409208,topalov
1409208,kramnik
1409212,nepoding
1409223,nepo
1409223,carlsen
1409223,anand
1409230,bobby fischer
1409246,ding
1409312,ian
1409320,daniil
1409329,ding liren
1409329,ian
1409329,anna shtourman
1409395,bobby fischer
1409421,ian nepomniachtchi
1409421,anna shtourman
1409468,ding liren
1409468,stev bonhage
1409502,ian nepomniachtchi
1409502,anna shtourman
1409531,fabiano caruana
1409531,nepo
1409533,ding liren
1409533,anna shtourman
1409558,ding liren
1409558,topalov
1409558,kramnik
1409581,ding
1409589,ding liren
1409589,white
1409589,veselin topalov
1409589,white
1409589,vishy anand
1409594,ding liren
1409594,anna shtourman
1409652,ian nepomniachtchi
1409662,ding liren
1409669,ian nepomniachtchi
1409669,anna shtourman
1409758,white
1409759,ding
1409759,nepo
1409787,ian nepomniachtchi
1409787,ding liren
1409817,nepo
1409834,ian nepomniachtchi
1409834,stev bonhage
1409902,ding liren
1409902,veselin topalov
1409902,vladimir kramnik
1409902,bobby fischer
1409979,ding liren
1409979,vishy anand
1409981,ding liren
1410003,caruana
1410003,ding
1410018,daniil dubov
1410033,ian nepomniachtchi
1410040,ian nepomniachtchi
1410040,ding liren
1410073,ian
1410073,ruy lopez
1410073,ian
1410090,nepoding
1410128,ding liren
1410134,ding liren
1410156,ding liren
1410174,ding liren
1410182,ding liren
1410206,ding
1410243,smyslov
1410295,daniil dubov
1410328,ding liren
1410349,ding
1410349,ian
1410391,hikaru
1410426,divis
1410426,ding
1410426,ian nepomniachtchi
1410426,ding
1410436,daniil dubov
1410454,white
1410454,ding
1410454,nepo
1410454,black
1410492,iannepomniachtchi
1410496,ding liren
1410517,ding
1410517,nepo
1410523,nepo
1410550,ding
1410550,nepo
1410557,daniel kahneman
1410557,nepo
1410619,robert hess
1410619,ian nepomniachtchi
1410645,ruy lopez
1410659,dorfman
1410675,karpov
1410675,nepo
1410675,ding
1410692,ding liren
1410709,nepoding
1410709,ruylopez
1410746,ian nepomniachtchi
1410773,bobby fischer
1410855,nepo
1410855,ruy lopez
1410852,ian nepomniachtchi
1410852,ding liren
1410852,david llada
1410858,nepo
1410899,nepomniachtchi
1410914,daniil dubov
1410914,irina krush
1410932,el killer
1410966,ian
1410974,michael haygarth
1411140,nepoding
1411140,nepo
1411164,ian nepomniachtchi
1411164,white
1411459,magnus carlsen
1411797,ding
1411799,dimashconcertantalya
1411809,ding
1412421,ding
1412976,vladimir fedoseev
1412976,mendonca
1413134,wesley
1413395,nepo
1413414,ruzzia
1413414,ruzzianattacks
1414056,bobby fischer
1414080,black
1414080,white
1414080,magnus
1414516,magnus
1414724,danailov
1414724,topalov
1414878,wesley
1414878,magnus carlsen
1415027,khalifman
1415027,ponomariov
1415027,khasimdjanov
1415027,anand
1415027,topalov
1415037,topalov
1415054,kasparov
1415054,short
1415054,anand
1415346,danailov
1415396,dvorkovich
1415694,kasparov
1415694,kramnik
1415694,anand
1415694,carlsen
1415731,john henderson
1415754,pia
1415754,pia
1415915,ding
1415915,white
1415941,stev bonhage
1416372,bondarenko
1416372,kakovin
1416383,irina krush
1416449,veselin topalov
1416693,patzer
1416952,loyd
1417083,中国 ding氏
1417083,nepomniachtchit氏
1417179,nepo
1417235,peter
1417237,ding liren
1417237,nepo
1417294,susan
1417307,emil
1417536,ian nepomniachtchi
1417536,fabiano caruana
1417559,jesus christ
1417559,ian
1417582,ian
1417586,ding liren
1417710,ding liren
1417736,nepo magnus
1417992,magnus carlsen
1418018,ian nepomniachtchi
1418018,ding liren
1418018,magnus carlsen
1418141,ding liren
1418255,dadang subur
1418255,dewa kipas
1418463,ian nepomniachtchi
1418463,ding liren
1418575,magnus carlson
1418575,ding liren
1419077,ding liren
1419077,magnus carlson
1419421,ian nepomniachtchi
1419571,ding liren
1419571,veselin topalov
1419571,vladimir kramnik
1419571,bobby fischer
1419588,veselin topalov
1419588,vladimir kramnik
1419588,bobby fischer
1419589,ding liren
1419591,topalov
1419591,liren
1419604,patzer
1419613,bobby fischer
1420592,ian nepomniachtchi
1420592,ding liren
1420881,nepo
1420881,nepomnjaschtschi
1420956,ding
1420984,ian
1420984,ding
1421058,nebojsa baralic
1421074,steinitz
1421074,fischer
1421126,alfred hitchcock
1421126,zulia
1421253,naseeryouthmovement
1421298,michelleobama
1421430,selby
1421430,allen
1421430,steve davies
1421430,selby
1421430,allen
1421469,magnus
1421838,ding
1421898,nepomniachtchi
1421931,rohit
1421931,"gill 
pujara"
1421931,kohli
1421931,axar
1421931,jadeja
1421931,ashwin
1421931,shardul
1421931,"shami
siraj"
1422016,magnus
1422114,ding liren
1422114,ian nepomniachtchi
1422114,white
1422127,urogallo afgano
1422127,teamnepo
1422245,irina krush
1422245,anand
1422245,meghalaya
1422249,ding
1422249,nepo
1422283,liren
1422299,nepo
1422369,rapport
1422430,ding liren
1422548,nepo
1422629,ding liren
1422629,stev bonhage
1422648,ding liren
1422648,david llada
1422653,magnus carlsen
1422653,nepo
1422654,karjakin
1422654,fabi
1422670,nepo
1422670,ding
1422674,ian nepomniachtchi
1422674,anna shtourman
1422687,david llada
1422692,nepo
1422759,ding liren
1422783,ding liren
1422783,nepo
1422783,nepo
1422783,nepomnjaschtschi
1422809,ding liren
1422809,anna shtourman
1422860,ian nepomniachtchi
1422860,anna shtourman
1422875,ding liren
1422875,anna shtourman
1422944,kramnik
1422944,ding
1422944,kasparov
1422944,magnus
1422944,karjakin
1422944,caruana
1422965,ding liren
1422966,ding liren
1422966,ian nepomniachtchi
1423002,carlsen
1423009,ian nepomniachtchi
1423009,nimzo
1423019,xiaozhanxguccicosmos
1423072,ding liren
1423072,anna shtourman
1423099,ian nepomniachtchi
1423099,iannepomniachtchi
1423111,ding liren
1423111,ian nepomniachtchi
1423123,ding liren
1423123,ding
1423123,nepo
1423214,ding liren
1423214,ian nepomniachtchi
1423229,ding liren
1423229,nepoding
1423229,ajedrez
1423264,ding liren
1423264,dc7
1423302,carlsen
1423302,caruana
1423324,ding liren
1423412,vishy
1423415,ding liren
1423415,ian nepomniachtchi
1423425,tanya
1423425,robert
1423481,iannepomniachtchi
1423537,magnus
1423575,nepomniachtchi
1423685,ding liren
1423685,ian nepomniachtchi
1423685,stev bonhage
1423864,nepo
1423875,amrutha
1423875,tanya
1424002,magnus carlsen
1424064,nepo
1424076,magnus
1424090,nepo
1424139,"nepo

ding liren"
1424139,nepo
1424172,ian nepomniachtchi
1424172,ding liren
1424238,daniil
1424319,ian
1424395,dollinger
1424425,daniil
1424429,ding
1424444,magnus
1424464,ding liren
1424464,ian
1424483,ding liren
1424532,ding liren
1424532,xiangqi
1424567,ding liren
1424574,magnus
1424636,nepo
1424636,fischer
1424673,nepo
1424700,caruana
1424791,magnus
1424839,edwin nathan yabo glusman
1424839,marco alberti
1424853,nepo
1424899,magnus carlsen
1424899,nepo
1424899,nepo
1424899,magnus
1424900,nepo nepo nepo
1424902,fabi
1424902,ian
1424932,miguelito
1424940,nepo
1424940,ding
1424972,ding
1424979,ding liren
1424996,ding liren
1425049,ding
1425049,ding
1425066,miguelito
1425066,nepo
1425104,fabi
1425104,ian
1425116,ding
1425192,ian
1425258,daniil dubov
1425261,dubov
1425261,nepoding
1425261,ajedrez
1425261,xadrez
1425275,ding
1425276,ding liren
1425281,liren
1425288,ian nepomniachtchi
1425334,irina krush
1425334,ian
1425346,ding liren
1425358,ding liren
1425402,ding liren
1425412,ding liren
1425413,ding liren
1425472,galitzky
1425485,irina krush
1425498,ding
1425510,nepo
1425510,tc7
1425562,ding liren
1425599,ding liren
1425626,ian
1425656,irina krush
1425664,ian nepomniachtchi
1425664,vishy anand
1425735,ding
1425735,nepo
1425735,ding
1425735,ian
1425744,ding
1425744,ian
1425753,error grave
1425753,nepo
1425791,carlsen
1425791,nepoding
1425809,ding
1425837,nepo
1425883,ian nepomniachtchi
1425883,ding liren
1425891,tartakower
1425894,maostalin
1425902,vladimir kramnik
1425905,menno pals
1425928,ding
1425928,anand-topalov
1425946,karpov
1425946,korchnoi
1425946,anand
1425946,topalov
1425956,aditya sur roy
1425956,ding
1425957,ding liren
1425972,ian
1425985,ian nepomniachtchi
1426007,ding liren
1426018,ding
1426089,nepo
1426089,ding
1426094,nepo
1426094,ding
1426127,daniil dubov
1426127,ian nepomniachtchi
1426136,ding liren
1426143,irina krush
1426152,ding
1426173,syper
1426205,jasik
1426208,alanna berikkyzy
1426209,maulen ashimbayev
1426209,ian nepomniachtchi
1426209,stev bonhage
1426215,ding liren
1426215,dingliren
1426264,lasker
1426270,ian
1426289,"caruana

fabi"
1426290,harry
1426304,ding
1426304,white
1426323,white
1426323,white
1426338,ding liren
1426338,nepo
1426351,ian
1426357,kasparov - karpov
1426357,kasparov
1426369,nimzo
1426387,nimzo
1426404,ajedrez
1426424,nepo
1426432,magnus
1426432,ding
1426432,ding
1426432,ding
1426441,white
1426448,nepo
1426492,ian nepomniachtchi
1426492,ding liren
1426496,ding liren
1426496,praggnanandhaa
1426528,nimzo
1426521,daniil dubov
1426521,irina krush
1426525,ding liren
1426566,liren ding
1426566,ding
1426582,ding liren
1426569,ding liren
1426579,nepo
1426579,ding
1426596,norman littlewood
1426627,ding liren
1426627,white
1426634,caruana
1426706,iannepomniachtchi
1426784,ding liren
1426821,ding liren
1426911,ding liren
1426955,bobby fischer
1427118,iannepomniachtchi
1427138,nepo
1427231,ding liren
1427232,aryankhan
1427232,prathna
1427232,manemagamodi
1427232,messi
1427252,iannepomniachtchi
1427302,ding
1427572,ajedrez
1427572,ding liren
1427572,magnus carlsen
1427572,ajedrez
1427640,ding liren
1427640,magnus carlsen
1427640,ding liren
1427729,ding liren
1427729,dingliren
1427747,ding liren
1427747,ding
1427747,ian nepomniachtchi
1427763,liren ding
1427834,carlsen
1427834,carlsen
1427945,ding liren
1428027,ding liren
1428077,fischer
1428077,fischer
1428077,fischer
1428188,nepo
1428188,ding
1428393,ding liren
1428385,ding liren
1428385,ian nepomniachtchi
1428433,ding
1428480,nepo
1428511,ding liren
1428511,ian nepomniachtchi
1428511,magnus carlsen
1428511,ding
1428511,ding
1428525,magnus carlson
1428525,ian nepomniatchtchi
1428689,nepo
1428689,messi
1428689,ian
1429211,ding liren
1429561,ding
1429701,ding liren
1429744,zhang
1429785,magnus
1429785,kasparov
1429785,bobby fischer
1429793,ding liren
1429793,xie jun
1429841,ding
1429841,ian
1429926,beth harmon
1429941,ding liren
1430277,ding
1430277,ian
1430277,anatoli karpov
1430277,nepoding
1430277,ajedrez
1430443,magnus
1430499,fabiano
1430499,nepo
1430568,ding liren
1430617,nepoding
1430617,hanbin
1430617,terebin
1430617,harrystyles
1430617,doctorchaep5
1430727,ian
1430968,ding liren
1430968,ian nepomniachtchi
1430968,ju wenjun
1431076,max euwe
1431076,bobby fischer
1431076,boris spasski
1431076,ding
1431290,magnus
1431298,mario
1431374,carlsen
1431374,liren
1431403,mike tyson
1431403,victorosimhen
1431467,ding liren
1431467,nepo
1431467,nepo
1431467,nepomniachtchi
1431467,nepomnjaschtschi
1431714,nepo
1431714,liren
1431714,ajedrez
1431715,magnus
1431760,ding liren
1431875,ding liren
1431875,nepoding
1431891,ding liren
1431896,messi
1431952,juanjo
1431960,nepodin
1432005,ding liren
1432005,magnus carlsen
1432201,alanrickman
1432239,chaeunwoo
1432239,nepoding
1432352,paulo coelho
1432395,ding liren
1432395,nepoding
1432398,nepodin
1432496,ian nepomniachtchi
1432498,magnus
1432498,magnus
1432707,ding liren
1432707,magnus
1432717,elonmusk
1432807,ding liren
1432865,dingliren
1432983,bruna
1432983,selena
1432983,lula
1432984,bruna
1432984,selena
1432984,lula
1432985,bruna
1432985,selena
1432985,lula
1432986,bruna
1432986,selena
1432986,lula
1432987,bruna
1432987,selena
1432987,lula
1432988,bruna
1432988,selena
1432988,lula
1432989,bruna
1432989,selena
1432989,lula
1432990,bruna
1432990,selena
1432990,lula
1432992,bruna
1432992,selena
1432992,lula
1432994,bruna
1432994,selena
1432994,lula
1432995,bruna
1432995,selena
1432995,lula
1432997,bruna
1432997,selena
1432997,lula
1432998,bruna
1432998,selena
1432998,lula
1433024,ding liren
1432999,bruna
1432999,selena
1432999,lula
1433000,bruna
1433000,selena
1433000,lula
1433001,bruna
1433001,selena
1433001,lula
1433002,bruna
1433002,selena
1433002,lula
1433006,bruna
1433006,selena
1433006,lula
1433007,bruna
1433007,selena
1433007,lula
1433009,bruna
1433009,selena
1433009,lula
1433010,bruna
1433010,selena
1433010,lula
1433012,bruna
1433012,selena
1433012,lula
1433023,bruna
1433023,selena
1433023,lula
1433164,ding liren
1433164,stev bonhage
1433215,carlsen
1433215,anand
1433215,nepoding
1433251,ding liren
1433265,judit polgar
1433265,ding
1433265,nepo
1433288,allama hafiz saad hussain rizvi
1433288,saadhussainrizvi
1433288,ji_marchagainstfraudcensus
1433288,nepoding
1433288,shr_in_mandibahauddin
1433296,miguel
1433321,annesiz uyuyor
1433357,annesiz uyuyor
1433388,kiara advani
1433388,kiaraadvani
1433388,kiaraadvani
1433388,karankundrra
1433388,shahruhkhan
1433388,terebin
1433388,bollywoodhungama
1433388,nepoding
1433403,ding liren
1433480,annesiz uyuyor
1433480,nepoding
1433480,chaeunwoo
1433586,ivanchuck
1433635,doug
1433733,alanrickman
1433752,bruna
1433752,selena
1433752,lula
1433758,bruna
1433758,selena
1433758,lula
1433779,judit polgar
1433854,bruna
1433854,selena
1433854,lula
1433858,tehreek
1433858,mandibahauddin
1433858,saadhussainrizvi
1433858,ji_marchagainstfraudcensus
1433858,nepoding
1433858,_in_mandibahauddin
1433871,bruna
1433871,selena
1433871,lula
1433874,cadizvalencia
1433888,ding liren
1433888,magnus carlsen
1433888,ian nepomniachtchi
1433888,magnuscarlsen
1433888,iannepomniachtchi
1433900,magnus
1433900,ian
1433953,bruna
1433953,selena
1433953,lula
1433970,rey
1433996,ding liren
1434040,ian nepomniachtchi
1434040,ding
1434130,saad rizvi
1434130,mandibahauddin
1434130,saadhussainrizvi
1434130,ji_marchagainstfraudcensus
1434195,ding liren
1434195,nepomniachtchi
1434252,magnus
1434255,karpov
1434255,fischer
1434255,magnus
1434255,ding
1434295,ding liren
1434295,ding
1434391,asimmunir
1434467,hou yifan
1434531,kiaraadvani
1434531,kiaraadvani
1434531,kiaraadvani
1434531,karankundrra
1434531,shahruhkhan
1434531,terebin
1434531,bollywoodhungama
1434531,nepoding
1434541,nepo
1434568,ding
1434570,kasparov
1434574,ian
1434574,ding
1434598,kramnik
1434598,shirov
1434598,shirov
1434598,kasparov
1434598,kramnik
1434598,leko
1434601, #bid
1434631,lucas
1434631,mariobrosmovie
1434631,nepoding
1434643,anand
1434663,cadizvalencia
1434663,konnecthai
1434724,ding
1434724,nepo
1434724,carlsen
1434782,ding liren
1434782,ian nepomniachtchi
1434871,hafiz saad hussain rizvi
1434871,mandibahauddin
1434871,saadhussainrizvi
1434871,ji_marchagainstfraudcensus
1434871,nepoding
1434880,kiaraadvani
1434880,kiaraadvani
1434880,kiaraadvani
1434880,karankundrra
1434880,shahruhkhan
1434880,terebin
1434880,bollywoodhungama
1434880,nepoding
1434955, #cadizvalenc
1434955, #jorgeri
1434955, #konnecth
1434998,ding liren
1435006,keke
1435006,nepoding
1435068,jayvonne
1435068,jungkookxcalvinklein
1435085,cadizvalencia
1435085,konnecthai
1435085,nepoding
1435085,chaeunwoo
1435085,suga_agustd_tour
1435114,munnahafeez
1435114,hyderabadi
1435114,sanjsydutt
1435123,maluma
1435131,mario
1435176,liren
1435176,ashwin
1435176,ashwin
1435176,ashwinanna
1435176,magnuscarlsen
1435176,ding
1435197,topalov
1435197,khalifman
1435197,topalov
1435197,anand
1435230,richie
1435240,topalov
1435240,kramnik
1435240,anand
1435257,jinja
1435257,kumkumbhagya
1435287,karjakin
1435449,curry
1435449,gray
1435449,clevinger
1435449,fox
1435451,magnus
1435467,nepoding
1435467,chaeunwoo
1435467,osimhen
1435467,ashawo
1435467,wike
1435467,ndlea
1435467,chefchi
1435467,chioma
1435483,ding liren
1435493,kemalkılıcdaroglu
1435522,annesiz uyuyor
1435563,ding
1435587,robert t kiyosaki
1435590,ชาอึนอู
1435636,bobby
1435636,magnus
1435649,chaeunwoo
1435649,nepoding
1435650,ian
1435650,ding
1435658,ajedrez
1435658,ian nepomniachtchi
1435660,ding
1435691,salman khan
1435691,chaeunwoo
1435778,ashwin anna
1435778,ding
1435778,ashwin
1435778,ashwinanna
1435778,ashanna
1435778,dingnepo
1435805,idan
1435805,jemima
1435847,ding
1435850,bernard
1435850,nepoding
1435858,magnus
1435914,ding liren
1436024,parati
1436024,foryou
1436024,cadizvalencia
1436024,nepoding
1436024,chaeunwoo
1436024,azerbaiyandaznf1
1436045,nicola
1436045,nomin
1436045,mashiho
1436045,chaeunwoo
1436045,nepoding
1436045,konnecconxbillkin
1436068,ding liren
1436068,ian nepomniachtchi
1436070,johnnydeppisasurvivor
1436070,johnnydeppisanabuser
1436084,nepoding
1436084,chaeunwoo
1436084,mashiho
1436139,ian
1436155,musk
1436155,walton
1436155,slim
1436155,renault
1436155,ma
1436155,tara
1436155,soros
1436155,gates
1436155,bezos
1436158,mashiho
1436158,chaeunwoo
1436172,magnus carlsen
1436172,ian nepomniachtchi
1436181,nepoding
1436181,chaeunwoo
1436196,ye xiaoping
1436242,chaeunwoo
1436271,chaeunwoo
1436271,chaeunwoo
1436303,chaeunwoo
1436335,ding liren
1436352,nepoding
1436352,chaeunwoo
1436352,scudetto
1436374,liren
1436374,liren
1436374,yan
1436381,bobby fischer
1436391,nepoding
1436391,chaeunwoo
1436392,chaeunwoo
1436392,nepoding
1436409,ding liren
1436409,xie jun
1436429,nepoding
1436429,chaeunwoo
1436429,mashiho
1436488,elvis
1436488,elvispresley
1436488,marilynmonroe
1436488,elvishistory
1436488,elvis2023
1436493,shein
1436493,chaeunwoo
1436493,mashiho
1436493,nepoding
1436499,ding liren
1436625,drake
1436625,chaeunwoo
1436625,nepoding
1436665,ding liren
1436694,ding liren
1436738,ding liren
1436741,babychita
1436741,nepoding
1436748,will tenneyson
1436758,mashiho
1436758,chaeunwoo
1436760,chaeunwoo
1436760,nepoding
1436781,ding
1436800,chaeunwoo
1436801,chaeunwoo
1436801,mashiho
1436813,ding
1436819,dan toomey
1436820,meganoticiasalerta
1436826,emma neilson
1436841,emily aisling
1436860,vishy
1436865,nepoding
1436865,chaeunwoo
1436865,mashiho
1436894,chaeunwoo
1436894,mashiho
1436894,nepoding
1436913,greta wilson
1436926,ding
1436926,ding
1436926,ding
1436926,ian
1436929,josh brett
1436930,chioma
1436936,ding liren
1436942,greg mccahon
1436953,phil cofer
1436982,pascal basel
1437025,jeff pelletier
1437026,mashiho
1437026,chaeunwoo
1437057,davido
1437057,chaeunwoo
1437057,mashiho
1437057,chioma
1437057,davido
1437080,fernandez
1437080,lindelof
1437080,mashiho
1437088,chaeunwoo
1437097,ochoa
1437097,"romero
chomsky"
1437108,beau miles
1437121,bianca gan
1437127,ชาอึนอู
1437127,konnecconxbillkin
1437127,nepoding
1437127,chaeunwoo
1437127,mashiho
1437127,scudetto
1437127,nomin
1437148,ciara gan
1437152,chaeunwoo
1437152,mashiho
1437193,jaiswal
1437193,yashwi
1437193,jaiswal
1437197,ian
1437216,birta hlin
1437220,haaland
1437220,haaland
1437221,jazzy anne
1437233,halle sandberg
1437236,chaeunwoo
1437249,chaeunwoo
1437253,leyla tavas
1437263,ding liren
1437265,chaeunwoo
1437268,erik grankvist
1437278,max fosh
1437283,nepo ding
1437292,chaeunwoo
1437292,mashiho
1437307,qatri
1437315,macaw
1437315,nepoding
1437315,chaeunwoo
1437315,mashiho
1437326,nikolai schirmer
1437337,chelsea callahan
1437342,ian nepomniachtchi
1437347,annemarie chase
1437350,dave
1437350,ricky
1437350,nepoding
1437363,sydnee zora
1437365,nepoding
1437365,mashiho
1437365,chaeunwoo
1437365,natalienunn
1437383,richard rapport
1437390,nepoding
1437390,chaeunwoo
1437390,chaeunwoo
1437390,mashiho
1437392,chaeunwoo
1437399,chiquita
1437446,magnus
1437454,nepoding
1437454,mashiho
1437454,chaeunwoo
1437454,nepoding
1437482,alessandro
1437506,jaiswal
1437506,yashswi
1437506,rohitsharmabirthday
1437589,muhammadali
1437589,#
1437589,nepoding
1437639,ding liren
1437649,ding
1437659,nepoding
1437704,ding liren
1437791,ding liren
1437832,ding
1437832,nepo
1437832,nepo
1437832,ding
1437832,ding
1437832,karjakin
1437887,bilawalbhuttozardari
1437914,dingliren
1437914,ian nepomniachtchi
1437930,ding
1437930,ian
1437933,lin direng
1437946,ding liren
1438036,jablezz
1438042,ding
1438042,magnus
1438042,magnus
1438076,ding liren
1438117,nepo
1438123,rivers
1438147,ian nepomniachtchi
1438157,ding
1438184,ian nepomniachtchi
1438186,magnus
1438187,ding liren
1438269,ding liren
1438283,hajj
1438283,bilalabbaskhan
1438283,nawazsharif
1438303,albert collins iceman
1438308,nepoding
1438355,chaeunwoo
1438356,ian
1438357,nepo
1438357,ding
1438357,ding
1438357,nepo
1438403,ding
1438414,jeffsatur
1438430,gistgrab
1438507,khositwala
1438583,ding liren
1438593,chaeunwoo
1438612,chaeunwoo
1438615,ding liren
1438615,ian nepomniachtchi
1438615,ding
1438639,magnus
1438639,ding
1438676,krishna
1438676,konnecthaixchaeunwoo
1438676,chaeunwoo
1438676,chaeunwoo
1438676,suga_agustd_tour
1438676,nepoding
1438676,agustd_suga_tour
1438676,skeemsaam
1438676,artistaasiatico
1438759,chaeunwoo
1438764,konnecthaixchaeunwoo
1438764,suga_agustd_tour
1438764,chaeunwoo
1438764,nepoding
1438799,magnus
1438807,xie jun
1438807,ding liren
1438807,ding liren
1438832,ding liren
1438834,konnecthaixchaeunwoo
1438834,chaeunwoo
1438834,nepoding
1438838,ian
1438842,ding
1438842,ian
1438851,konnecthaixchaeunwoo
1438851,chaeunwoo
1438851,nepoding
1438851,agustd_suga_tour
1438856,ding liren
1438868,markus johnson
1438868,nepoding
1438868,markusjohnsonministriestrainingcenter
1438888,ding liren
1438888,ding liren
1438936,lilcj
1438936,baltimore
1438936,maryland
1438936,chaeunwoo
1438936,konnecthaixchaeunwoo
1438936,nepoding
1438991,nepo
1438992,ding liren
1438996,civic
1438996,nepoding
1438996,chaeunwoo
1438996,chaeunwoo
1438996,konnecthaixchaeunwoo
1438996,chaeunwoo
1439035,jay shetty
1439035,nepoding
1439037,agustd_suga_tour
1439037,chaeunwoo
1439037,konnecthaixchaeunwoo
1439037,nepoding
1439037,suga_agustd_tour
1439037,ชาอึนอู
1439037,มีนาริณา
1439037,มีนาริณา
1439037,konnecthaixchaeunwoo
1439037,moonbin
1439037,men
1439043,scudetto
1439043,konnecthaixchaeunwoo
1439043,suga_agustd_tour
1439043,chaeunwoo
1439072,ding liren
1439079,chaeunwoo
1439125,konnecthaixchaeunwoo
1439125,chaeunwoo
1439125,nepoding
1439140,checo
1439140,sancho
1439140,aspmyra
1439140,lopez
1439205,carlsen
1439229,konnecthaixchaeunwoo
1439229,chaeunwoo
1439239,cappadocia
1439239,chaeunwoo
1439239,nepoding
1439239,konnecconxjeffsatur
1439240,ding
1439256,konnecthaixchaeunwoo
1439256,chaeunwoo
1439260,konnecthaixchaeunwoo
1439260,chaeunwoo
1439320,ajedrez
1439332,ding liren
1439353,chaeunwoo
1439353,nepoding
1439353,nepoding
1441726,magnoose
1439374,nepoding
1439374,chaeunwoo
1439381,carlsen
1439408,ding liren
1439408,ian nepomniachtchi
1439479,chaeunwoo
1439519,chaeunwoo
1439530,magnus carlsen
1439615,ding liren
1439615,stev bonhage
1439692,salmankhan
1439753,ding
1439753,nepo
1439753,ding
1439753,nepo
1439779,ding
1439779,nepo
1439791,magnus
1439840,ding liren
1439937,konnecthaixchaeunwoo
1439937,suga_agustd_tour
1439937,chaeunwoo
1439937,nepoding
1439937,agustd_suga_tour
1439951,ding
1439961,ding liren
1439963,chaeunwoo
1439963,shattawale
1439963,michy
1439963,chioma
1439963,phyna
1439963,sarkodie
1439963,blacko
1439974,karjakin
1439974,carlsen
1439986,john
1439986,konnecthaixchaeunwoo
1439986,chaeunwoo
1439986,nepoding
1439992,ding
1439995,konnecthaixchaeunwoo
1439995,chaeunwoo
1439995,chaeunwoo
1439995,nepoding
1440014,ding liren
1440014,ian
1440044,nepoding
1440056,nebo
1440056,ding
1440056,nebo
1440087,ding liren
1440087,ian nepomniachtchi
1440091,ding liren
1440095,konnecthaixchaeunwoo
1440095,nepoding
1440095,chaeunwoo
1440098,ding
1440153,del ajedrez
1440153,ding liren
1440153,nepoding
1440153,dingliren
1440172,chaeunwoo
1440183,ding
1440202,ding liren
1440202,nepo
1440202,nepo
1440202,nepomniachtchi
1440202,nepomnjaschtschi
1440204,carlsen
1440241,nepo
1440241,ding
1440310,nepo
1440320,chaeunwoo
1440320,nepoding
1440320,nepoding
1440320,welcomebacksantaearthtovn
1440363,nepo
1440389,ding
1440389,ding
1440425,ding
1440425,anime
1440456,nepo
1440456,nakamura
1440465,ding liren
1440465,ian nepomniachtchi
1440513,yan nepomniachtchi
1440513,liren ding
1440513,ding liren
1440555,ding liren
1440580,ding liren
1440580,anna shtourman
1440597,ukraine
1440653,ding liren
1440653,ian nepomniachtchi
1440684,ian
1440686,ian
1440687,ding
1440687,nepo
1440687,ding
1440690,lula da silvass
1440696,ding
1440696,almendrado
1440696,adiosvaquero
1440696,pepeichstories
1440721,capablanca
1440724,ding liren
1440748,ding
1440843,ding liren
1440847,ding liren
1440911,ding liren
1440911,stev bonhage
1440917,ding liren
1440922,ding liren
1440932,ding liren
1440972,fischer
1441003,ding
1441026,divyanshi khandelwal
1441053,yan
1441111,nepo
1441120,ding
1441139,ding liren
1441139,anna shtourman
1441178,ding liren
1441214,ding liren
1441214,ian nepomniachtchi
1441257,ding liren
1441271,ding
1441271,ian
1441271,ding
1441271,ding
1441302,ding
1441302,magnus
1441304,nepo
1441304,messi
1441304,nepo
1441304,nepo
1441304,messi
1441378,ding liren
1441378,ajedrez
1441378,ding liren
1441378,ian nepomniachtchi
1441378,ajedrez
1441378,iannepomniachtchi
1441391,ding liren
1441439,ding
1441439,ding
1441453,ian
1441504,magnus
1441504,ding liren
1441518,ajedrez
1441525,ding liren
1441537,karjakin
1441537,carlsen
1441601,king liren
1441620,ding liren
1441620,magnus
1441654,ding liren
1441654,nepo
1441709,ding liren
1441735,ding liren
1441760,king liren
1441775,nepo
1441775,"carlsen
rapid"
1441775,"nodirbek
fischer"
1441775,hikaru
1441862,ding liren
1441862,nepo
1441921,nepo
1441922,ding liren
1441922,ian nepomniachtchi
1441922,stev bonhage
1442023,ding
1442167,hou yifan
1442167,wang hao
1442167,yu yangyi
1442167,wei yo
1442167,hou
1442168,chaeunwoo
1442182,magnus
1442207,zendaya chioma
1442417,ding
1442417,ye jiangchuan
1442417,ding liren
1442434,mev
1442868,jason derulo houston
1443123,ding liren
1443506,liren
1443945,peter
1443945,pete
1444466,magnus carlsen
1444466,lin direng
1444466,ding
1444652,ian
1444691,kasparov
1444692,ding liren
1444692,veselin topalov
1444692,vladimir kramnik
1444692,bobby fischer
1444693,ding liren
1444693,topalov
1444693,kramnik
1444703,magnus
1444706,patzer
1444738,patzer
1444740,wesley
1444740,lex fridman
1444744,wesley so
1444744,magnus
1444744,bobby fischer
1444744,wesley
1444748,hikaru
1444748,magnus
1444748,magnus
1444748,hikaru
1444748,wesley so
1444751,wesley
1444751,liren
1444751,hikaru
1444751,nepo
1444754,nepo
1444754,wesley
1444754,magnus
1444754,magnus
1444754,nepo
1444754,wesley so
1444754,fabi
1444754,fabi
1444754,wesley
1444754,nepo
1444757,hikaru
1444757,wesley so
1444757,liren
1444757,nepo
1444757,wesley
1444757,nepo
1444757,magnus
1444763,ding liren
1444763,veselin topalov
1444763,vladimir kramnik
1444763,bobby fischer
1444764,ding liren
1444764,veselin topalov
1444764,vladimir kramnik
1444764,bobby fischer
1444765,ding liren
1444765,veselin topalov
1444765,vladimir kramnik
1444765,bobby fischer
1444766,ding liren
1444766,veselin topalov
1444766,vladimir kramnik
1444766,bobby fischer
1444769,ding liren
1444769,veselin topalov
1444769,vladimir kramnik
1444769,bobby fischer
1444770,ding liren
1444770,veselin topalov
1444770,vladimir kramnik
1444770,bobby fischer
1444772,ding liren
1444772,veselin topalov
1444772,vladimir kramnik
1444772,bobby fischer
1444775,ding liren
1444775,veselin topalov
1444775,vladimir kramnik
1444775,bobby fischer
1444777,ding liren
1444777,veselin topalov
1444777,vladimir kramnik
1444777,bobby fischer
1444778,ding liren
1444778,veselin topalov
1444778,vladimir kramnik
1444778,bobby fischer
1444779,ding liren
1444779,veselin topalov
1444779,vladimir kramnik
1444779,bobby fischer
1444789,ding liren
1444789,topalov
1444789,kramnik
1444791,bobby fischer
1444793,patzer
1444794,ding liren
1444794,veselin topalov
1444794,vladimir kramnik
1444794,bobby fischer
1444795,ding liren
1444795,veselin topalov
1444795,vladimir kramnik
1444795,bobby fischer
1444798,ding liren
1444798,topalov
1444798,kramnik
1444832,ding liren
1444832,veselin topalov
1444832,vladimir kramnik
1444832,bobby fischer
1444835,ding liren
1444835,veselin topalov
1444835,vladimir kramnik
1444835,bobby fischer
1444838,ding liren
1444838,veselin topalov
1444838,vladimir kramnik
1444838,bobby fischer
1444840,ding liren
1444843,patzer
1444844,patzer
1444853,ding liren
1444853,veselin topalov
1444853,vladimir kramnik
1444853,bobby fischer
1444855,ding liren
1444855,veselin topalov
1444855,vladimir kramnik
1444855,bobby fischer
1444858,ding liren
1444858,veselin topalov
1444858,vladimir kramnik
1444858,bobby fischer
1444859,ding liren
1444859,veselin topalov
1444859,vladimir kramnik
1444859,bobby fischer
1444860,ding liren
1444860,veselin topalov
1444860,vladimir kramnik
1444860,bobby fischer
1444864,ding liren
1444864,veselin topalov
1444864,vladimir kramnik
1444864,bobby fischer
1444865,ding liren
1444865,veselin topalov
1444865,vladimir kramnik
1444865,bobby fischer
1444869,ding liren
1444869,veselin topalov
1444869,vladimir kramnik
1444869,bobby fischer
1444870,ding liren
1444870,veselin topalov
1444870,vladimir kramnik
1444870,bobby fischer
1444871,ding liren
1444871,veselin topalov
1444871,vladimir kramnik
1444871,bobby fischer
1444872,ding liren
1444872,veselin topalov
1444872,vladimir kramnik
1444872,bobby fischer
1444873,ding liren
1444882,ding liren
1444882,veselin topalov
1444882,vladimir kramnik
1444882,bobby fischer
1444884,ding liren
1444884,topalov
1444884,kramnik
1445187,allebest
1445228,ding liren
1445228,nepo
1445228,nepomnjaschtschi
1445484,karjakin
1445484,putin
1445682,hikaru
1445915,hikaru
1445915,putin
1446037,laurel
1446445,sunnyleone
1446445,janvikapoorhot
1446445,kiaraadvani
1446445,karankundrra
1446445,shahruhkhan
1446445,terebin
1446445,nepoding
1446458,ding liren
1446474,yan nepomniachtchi
1446509,ding liren
1446721,ding liren
1446721,nepo
1446821,ian
1446821,ding
1446827,ding liren
1447084,sherlock holmes
1447096,ding liren
1447159,dvorkovic
1447184,ding liren
1447184,ian nepomniachtchi
1447184,magnus carlsen
1447263,ding liren
1447399,dvorkovic
1447399,ian
1447514,ding
1447514,ajedrez
1447537,ding
1447537,hikaru
1447537,caruana
1447537,nepo
1447537,wesley so
1447537,levon
1447537,magnus
1447703,checo perez
1447703,azerbaiyan
1447703,maradona
1448013,ding liren
1448231,nepo
1448238,karjakin
1448427,ding liren
1448537,ding
1448620,putin
1448747,magnus
1448747,magnuscarlsen
1448791,ding liren
1448868,ding
1448868,carlsen
1448868,ding
1448934,patzer
1448936,patzer
1448943,bobby fischer
1449136,nepo
1449136,grishuck
1449184,magnuscarlsen
1449184,nepoding
1449184,iannepomniachtchi
1449204,ajedrez
1449206,ding liren
1449206,ian
1449224,nepo
1449259,magnus
1449268,nepo
1449390,ding liren
1449481,ding
1449501,nepomniachtchi
1449502,bill bastable
1449502,dingliren
1449520,arkady dvorkovich
1449539,magnus
1449539,ding
1449711,ding liren
1449848,nepoding
1449896,ding liren
1449896,stev bonhage
1449923,dingliren
1449923,iannepomniachtchi
1449986,anish
1449997,magnus
1450103,ding liren
1450175,aryankhan
1450175,prathna
1450175,manemagamodi
1450175,messi
1450175,nepoding
1450175,konnecthaixchaeunwoo
1450175,disclose_
1450185,ding liren
1450185,ian nepomniactchi
1450185,dingliren
1450246,ian nepomniachtchi
1450246,ding liren
1450275,nepomniachtchi
1450290,ding liren
1450290,nepo
1450290,nepo
1450290,nepomniachtchi
1450290,nepomnjaschtschi
1450296,ding
1450366,ding
1450373,aryankhan
1450373,prathna
1450373,manemagamodi
1450373,messi
1450373,nepoding
1450373,konnecthaixchaeunwoo
1450373,disclose_
1450376,anand
1450376,anand
1450468,ding liren
1450511,ding liren
1450511,ding
1450530,jesse february
1450530,anna shtourman
1450545,ian nepomniachtchi
1450551,ding liren
1450559,nepo
1450565,dingliren
1450697,ian
1450741,ding liren
1450741,ian nepomniachtchi
1450794,nepo
1450825,mc
1450912,ding liren
1450912,ju wenjun
1450940,ian
1451028,anna karenina
1451110,nepo
1451110,ding
1451110,nepoding
1451110,teamnepo
1451166,nepo
1451414,jason derulo houston
1451712,jason derulo houston
1451713,jason derulo houston
1452764,bu xiangzhi
1452764,wei yi
1452764,carlsen
1452764,bu xiangzhi
1453170,ding
1453845,ding liren
1453935,jason derulo houston
1454113,camus
1454204,nepo
1454354,ding liren
1454469,magnus
1454485,ding
1454485,albert camus
1454485,sisyphus
1455554,putin
1455691,veselin
1455774,jason derulo houston
1455863,mikhail botvinnik
1455863,bobby fischer
1455877,felipe franco
1455927,garry
1455986,anand
1456019,ding liren
1456019,ding
1456019,ian nepomniachtchi
1456118,topalov
1456118,danailov
1456118,elista
1456118,sofia
1456118,topalov
1456186,ben
1456389,arkady dvorkovich
1456452,jason derulo houston
1456472,jason derulo houston
1456492,jason derulo houston
1456510,jason derulo houston
1456830,erwin
1457032,jason derulo houston
1457048,magnus
1457109,ding
1457109,topalov
1457123,carlsen
1457123,ding
1457130,jason derulo houston
1457130,chaeunwoo
1457178,ding liren
1457178,ding liren
1457178,ding liren
1457334,magnus carlsen
1457507,magnus
1457647,nepo
1457684,jason derulo houston
1457773,richter
1457842,carlsen
1457842,federer
1457883,magnus
1458007,ding liren
1458007,ding liren
1458007,ian nepomniachtchi
1458034,bobby fischer
1458107,jason derulo houston
1458110,jason derulo houston
1458130,jason derulo houston
1458133,dingliren
1458151,vishy anand
1458168,dingliren
1458176,dingliren
1458291,jason derulo houston
1458397,harry grieve
1458397,harry
1458409,peter roberson
1458409,peter
1458535,richard york
1458543,jonathan hawkins
1458586,ding liren
1458589,ding liren
1458596,jason derulo houston
1458624,jason derulo houston
1458639,jason derulo houston
1458649,jason derulo houston
1458690,liren
1458690,dingliren
1458690,nepomniachtchi
1458690,ding
1458690,ajedrez
1458690,nepoding
1458690,nepo
1458690,carlsen
1459091,houyifan
1459738,angela
1459738,niklesh
1461178,ding liren
1461735,wadim
1461735,hou yifan
1461735,pragg
1461735,vincent
1461953,chiburdanidze
1462334,trump
1462334,putin
1462334,putin
1462572,arthur charlie
1462675,putin
1462962,dingliren
1462962,nepo
1462962,camus
1462965,putin
1463050,nwo
1463052,putin
1463075,nepo
1463147,ding liren
1463147,ju wenjun
1463147,ajith kumar
1463520,jason derulo houston
1464717,dingliren
1465170,ding liren
1465471,ashamed
1465506,ding liren
1465594,david ledger
1465594,ray morris-hill
1465819,ding liren
1465819,ian nepomniachtchi
1466452,nepo
1468555,misha tal
1468633,misha tal
1468706,miguel najdorf
1469212,علي فراس ابو هديب وناصر
1469461,hans
1469523,bruce lee
1469557,reshevsky
1470506,phil
1470506,rodin
1470610,sheikh mansoor bin mohammed bin
1470610,rashid al maktoum
1471756,polaco
1471960,karpov
1471960,korchnoj
1472024,ian nepomniachtchi
1472106,miguel najdorf
1472325,wang hao
1472376,joe gallagher
1472392,danny gormally
1472459,ding liren
1472459,wang hao
1472459,georg meier
1472459,wesley so
1472682,dvorkovich
1474212,liren
1474212,bobby fischer
1474555,putin
1474555,bobby fischer
1474560,putin
1474560,bobby fischer
1475889,magnus carlsen
1476384,korchnoi
1476384,karpov
1476897,nepomniachtchi
1477007,susan
1477007,paul benkö
1477234,viktor korchnoi
1477505,miles davis
1477677,jason derulo houston
1477694,carlsen
1478473,magnus
1478473,ding
1478479,dvorkovich
1478643,ding liren
1478830,nepo
1479122,sun tzu
1479134,rex sinquefield
1480977,ajedrez
1481658,ding liren
1481658,ajedrez
1481970,arkady dvorkovich
1481970,mahir mammadov
1482449,igor dodon
1482449,putin
1484388,dvorkovich
1484388,medvedevs
1484388,karjakin
1484395,putin
1484395,putin
1484511,jason derulo houston
1484551,brian
1484551,hoffpauir
1484771,pedrito
1484781,peter
1484860,karjakin
1484871,karjakin
1485050,peter
1485057,karjakin
1485082,karjakin
1485082,karjakin
1485082,wagner
1486264,tioluwani
1489135,veselin
1489135,vladimir kramnik
1489135,bobby fischer
1489141,veselin
1489141,vladimir kramnik
1489141,bobby fischer
1489390,anahi
1490634,nepomniachtchi
1490933,putin
1490957,beth harmon
1491558,emil
1491558,karjakin
1491643,karjakin
1491643,putin
1491643,bankarjakin
1491752,divya
1492435,madure
1494403,peter
1494981,karjakin
1495168,putin
1495298,peter
1495298,fabi
1495298,hikaru
1495360,saddam hussein
1495360,muammar gaddafi
1495360,musselini
1495360,samora machel
1495360,fide
1495457,karajakin
1495457,garry kasparov
1495788,karjakins
1495824,ian nepomniachtchi
1495824,ding liren
1496031,ian nepomniachtchi
1496173,peter
1496173,peter
1496177,vasyl ivanchuk
1496475,ruzzia
1496646,peter
1496648,karjakin
1496681,ding liren
1496803,peter
1496995,anand
1496995,magnus carlsen
1497213,biden
1497264,kariakin
1497280,karjakin
1497280,magnus carlsen
1497280,karjakin
1497280,neponmiachtchi
1497280,caruana
1497280,anand
1497742,karyakin
1497742,carlsen
1497742,ding
1497816,ding
1497816,saintlouis
1497831,wagner
1497831,wagner
1497856,budanov
1497858,peter
1497858,wagner
1497858,putin
1497925,bush
1497925,obama
1497954,karjakin
1497954,putin
1497982,karjakin
1498221,carlsen
1498471,igor dodon
1498471,george ribbon
1498965,veselin
1498965,vladimir kramnik
1498965,bobby fischer
1498966,ding liren
1502241,susan polgar
1502301,ding liren
1503399,putin
1503402,peter
1504003,peter
1504003,karjakin
1504427,peter
1504488,putin
1504559,anna
1504559,bella khotenashvili
1504820,magnus
1504854,peter
1504894,ian
1504903,ian
1504903,ian
1504903,ian
1504903,karjakin
1504913,nepomniachtchi
1504938,peter
1505617,karkajin
1506004,bobby fischer
1507385,carlson
1507396,carlson
1507833,karjakin
1508831,boris
1509197,alekhine
1509197,karjakin
1509197,alekhine
1509209,alekhine
1509341,karjakin
1509341,karjakin
1509358,karjakin
1509368,karjakin
1509492,alekhine
1509492,k. richter
1509492,b. nielsen
1509551,boris gelfand
1509735,nigel short
1509735,karjakin
1509826,alekhine
1509935,nick
1510014,alekhine
1510014,nepomniachtchi
1510037,alekhine
1510037,karjakin
1510179,duke michieka
1510351,karjakin
1510351,boris
1510533,boris
1510533,peter
1510533,karjakin
1510533,karjakin
1510533,gelfand
1510672,susan
1510672,susan polgar
1510718,bobby fisher
1510746,peter
1511267,putin
1511274,alexander alekhine
1511274,hitler
1511288,karjakin
1511292,aisha nurudeen
1511297,hitler
1511327,karjakin
1511327,boris gelfand
1511430,peter
1511360,levon aronian
1511363,peter
1511363,karjakin
1511363,peter
1511424,peter
1511502,peter
1514194,ajedrez
1514699,so
1516137,elo zero
1516158,trump
1516158,peter
1516175,putin
1516175,putin
1517227,dodon
1517803,bidur prasad gautam
1520000,putin
1520412,warhol
1520468,sofia polgar
1520874,albert stepanyan
1520874,sergei karjakin
1520874,denis pushilin
1522361,rami taleb
1522958,ding liren
1523570,mitur
1523796,miguel indurain
1524615,spassky
1524615,boris
1526122,miguel induráin
1527142,hannah
1528300,jack rudd
1528883,"nigel short
aka"
1528883,kasparov
1528883,kasparov
1528883,short
1532064,wilhelm steinitz
1532064,johannes zukertort
1532106,nepo
1532106,ding
1532106,firouzja
1533175,afam
1533791,alireza
1533791,ding
1535102,bibisara assaubayeva
1535102,mark livshitz
1536092,putin
1538881,patzer
1538882,patzer
1538886,bobby fischer
1539404,k chandrashekhar rao
1539404,praneeth
1540439,nepo
